ref_date,emplBothSex,emplFemale,emplFullBothSex,emplFullFemale,emplFullMale,emplMale,emplPartBothSex,emplPartFemale,emplPartMale,emplRateBothSex,emplRateFemale,emplRateMale,labForceBothSex,labForceFemale,labForceMale,participRateBothSex,participRateFemale,participRateMale,populationBothSex,populationFemale,populationMale,unemplBothSex,unemplFemale,unemplMale,unemplRateBothSex,unemplRateFemale,unemplRateMale
1976-01,9636.7,3551.3,8431.0,2718.9,5712.1,6085.3,1205.6,832.4,373.2,57.2,41.7,73.0,10369.7,3865.4,6504.3,61.5,45.4,78.0,16852.4,8517.7,8334.7,733.0,314.0,419.0,7.1,8.1,6.4
1976-02,9659.8,3562.8,8467.5,2735.4,5732.0,6097.0,1192.3,827.4,364.9,57.2,41.7,73.0,10389.8,3876.6,6513.1,61.5,45.4,78.0,16892.0,8538.8,8353.3,730.0,313.8,416.2,7.0,8.1,6.4
1976-03,9704.2,3584.9,8509.4,2751.0,5758.5,6119.3,1194.8,833.9,360.8,57.3,41.9,73.1,10395.7,3880.4,6515.3,61.4,45.3,77.8,16930.7,8559.1,8371.6,691.5,295.5,396.0,6.7,7.6,6.1
1976-04,9738.2,3592.9,8540.1,2752.4,5787.6,6145.3,1198.1,840.4,357.6,57.4,41.9,73.2,10451.3,3904.0,6547.3,61.6,45.5,78.0,16969.4,8579.4,8390.0,713.1,311.1,402.0,6.8,8.0,6.1
1976-05,9726.1,3600.3,8529.6,2759.3,5770.4,6125.8,1196.4,841.0,355.4,57.2,41.9,72.9,10446.1,3918.0,6528.0,61.4,45.6,77.6,17008.1,8599.7,8408.4,720.0,317.8,402.2,6.9,8.1,6.2
1976-06,9748.3,3621.6,8519.2,2758.7,5760.5,6126.7,1229.1,862.9,366.2,57.2,42.0,72.7,10469.6,3929.4,6540.2,61.4,45.6,77.6,17046.8,8620.0,8426.8,721.3,307.8,413.5,6.9,7.8,6.3
1976-07,9759.5,3619.8,8544.4,2764.7,5779.7,6139.8,1215.1,855.1,360.1,57.1,41.9,72.7,10539.4,3957.7,6581.7,61.7,45.8,77.9,17085.5,8640.3,8445.2,779.9,338.0,441.9,7.4,8.5,6.7
1976-08,9780.5,3644.3,8561.9,2785.6,5776.4,6136.2,1218.6,858.8,359.8,57.1,42.1,72.5,10524.1,3976.3,6547.8,61.5,45.9,77.4,17124.4,8660.7,8463.7,743.6,332.0,411.6,7.1,8.3,6.3
1976-09,9795.2,3641.1,8582.6,2787.6,5795.0,6154.1,1212.6,853.6,359.1,57.1,42.0,72.6,10531.9,3979.3,6552.6,61.4,45.9,77.3,17154.4,8676.3,8478.1,736.7,338.2,398.5,7.0,8.5,6.1
1976-10,9782.5,3655.5,8537.7,2779.9,5757.8,6127.0,1244.8,875.7,369.2,56.9,42.1,72.1,10565.1,3988.2,6577.0,61.5,45.9,77.4,17183.4,8691.3,8492.1,782.6,332.6,450.0,7.4,8.3,6.8
1976-11,9829.0,3674.2,8560.8,2783.9,5776.8,6154.8,1268.2,890.3,377.9,57.1,42.2,72.4,10609.5,4013.6,6595.9,61.6,46.1,77.5,17211.4,8705.8,8505.7,780.5,339.4,441.1,7.4,8.5,6.7
1976-12,9862.6,3692.0,8606.3,2807.2,5799.1,6170.6,1256.3,884.8,371.5,57.2,42.3,72.4,10657.3,4035.4,6621.9,61.8,46.3,77.7,17238.1,8719.9,8518.2,794.8,343.4,451.4,7.5,8.5,6.8
1977-01,9869.3,3696.6,8615.1,2809.4,5805.7,6172.7,1254.2,887.1,367.0,57.1,42.3,72.3,10681.1,4049.9,6631.2,61.8,46.4,77.7,17270.6,8737.0,8533.7,811.8,353.3,458.5,7.6,8.7,6.9
1977-02,9874.2,3702.2,8611.3,2811.0,5800.3,6172.0,1262.9,891.2,371.7,57.1,42.3,72.2,10716.1,4067.2,6649.0,61.9,46.5,77.8,17302.4,8753.7,8548.8,842.0,365.0,477.0,7.9,9.0,7.2
1977-03,9865.7,3702.9,8589.5,2812.0,5777.5,6162.8,1276.2,890.9,385.3,56.9,42.2,72.0,10701.7,4061.1,6640.6,61.8,46.3,77.6,17329.1,8767.6,8561.5,836.0,358.2,477.8,7.8,8.8,7.2
1977-04,9892.6,3710.1,8620.4,2824.9,5795.6,6182.4,1272.1,885.3,386.9,57.0,42.2,72.1,10741.5,4084.7,6656.8,61.9,46.5,77.6,17358.7,8783.0,8575.7,849.0,374.6,474.4,7.9,9.2,7.1
1977-05,9912.0,3732.1,8619.7,2826.9,5792.7,6179.9,1292.3,905.1,387.2,57.0,42.4,71.9,10749.7,4092.5,6657.3,61.8,46.5,77.5,17394.1,8801.5,8592.6,837.8,360.4,477.4,7.8,8.8,7.2
1977-06,9906.9,3727.7,8611.4,2821.6,5789.8,6179.2,1295.5,906.1,389.4,56.9,42.3,71.8,10749.0,4087.1,6661.9,61.7,46.4,77.4,17421.5,8816.0,8605.5,842.0,359.4,482.6,7.8,8.8,7.2
1977-07,9911.4,3729.0,8619.6,2818.9,5800.7,6182.4,1291.8,910.1,381.7,56.8,42.2,71.7,10784.3,4102.0,6682.3,61.8,46.5,77.5,17449.4,8830.7,8618.7,872.9,372.9,499.9,8.1,9.1,7.5
1977-08,9936.6,3737.7,8628.9,2825.4,5803.5,6198.9,1307.8,912.3,395.5,56.8,42.2,71.8,10819.4,4119.6,6699.8,61.9,46.6,77.6,17485.1,8849.4,8635.7,882.8,381.9,500.9,8.2,9.3,7.5
1977-09,9937.0,3748.6,8631.4,2834.5,5796.9,6188.3,1305.6,914.1,391.5,56.7,42.3,71.5,10839.0,4135.2,6703.7,61.9,46.6,77.5,17513.7,8864.5,8649.3,902.0,386.6,515.4,8.3,9.3,7.7
1977-10,9962.1,3756.8,8639.8,2831.5,5808.3,6205.3,1322.3,925.3,397.0,56.8,42.3,71.6,10875.5,4165.9,6709.6,62.0,46.9,77.5,17540.6,8878.5,8662.1,913.4,409.1,504.3,8.4,9.8,7.5
1977-11,9976.3,3762.6,8655.7,2832.3,5823.4,6213.8,1320.6,930.3,390.3,56.8,42.3,71.6,10901.7,4165.8,6735.9,62.1,46.8,77.6,17567.5,8892.5,8675.0,925.4,403.2,522.1,8.5,9.7,7.8
1977-12,10002.3,3785.0,8668.9,2844.7,5824.2,6217.3,1333.4,940.2,393.1,56.9,42.5,71.6,10928.9,4183.9,6745.0,62.1,47.0,77.6,17592.8,8905.9,8686.9,926.6,398.9,527.7,8.5,9.5,7.8
1978-01,10013.0,3799.9,8692.2,2866.0,5826.3,6213.1,1320.8,934.0,386.8,56.8,42.6,71.4,10918.1,4194.0,6724.1,62.0,47.0,77.3,17623.5,8922.0,8701.6,905.1,394.1,511.0,8.3,9.4,7.6
1978-02,10067.5,3816.7,8747.7,2874.5,5873.3,6250.8,1319.8,942.2,377.6,57.0,42.7,71.7,10981.4,4213.9,6767.5,62.2,47.1,77.6,17653.9,8938.2,8715.7,913.8,397.2,516.6,8.3,9.4,7.6
1978-03,10100.3,3833.9,8781.5,2900.1,5881.4,6266.4,1318.8,933.8,385.0,57.1,42.8,71.8,11041.6,4243.5,6798.1,62.5,47.4,77.9,17679.3,8951.6,8727.7,941.2,409.6,531.7,8.5,9.7,7.8
1978-04,10128.7,3861.7,8782.0,2909.5,5872.5,6267.0,1346.7,952.2,394.5,57.2,43.1,71.7,11060.3,4259.1,6801.2,62.5,47.5,77.8,17706.9,8966.0,8740.9,931.6,397.5,534.2,8.4,9.3,7.9
1978-05,10146.7,3864.5,8816.4,2928.1,5888.3,6282.1,1330.2,936.4,393.8,57.2,43.0,71.7,11100.5,4287.1,6813.4,62.6,47.7,77.8,17741.6,8984.0,8757.6,953.9,422.6,531.3,8.6,9.9,7.8
1978-06,10207.6,3888.7,8852.0,2934.6,5917.4,6318.9,1355.6,954.1,401.5,57.5,43.2,72.1,11146.1,4300.7,6845.4,62.7,47.8,78.1,17767.5,8997.6,8769.9,938.5,412.0,526.5,8.4,9.6,7.7
1978-07,10255.0,3921.5,8849.7,2929.4,5920.3,6333.5,1405.3,992.2,413.2,57.6,43.5,72.1,11188.4,4337.6,6850.8,62.9,48.1,78.0,17792.0,9010.5,8781.5,933.4,416.0,517.4,8.3,9.6,7.6
1978-08,10287.5,3938.0,8900.3,2971.0,5929.3,6349.5,1387.2,967.0,420.2,57.7,43.6,72.2,11235.5,4356.1,6879.4,63.0,48.3,78.2,17824.4,9027.5,8796.9,948.0,418.1,529.9,8.4,9.6,7.7
1978-09,10305.5,3960.8,8941.4,2995.3,5946.1,6344.7,1364.1,965.5,398.6,57.7,43.8,72.0,11252.7,4382.4,6870.3,63.0,48.5,78.0,17850.7,9041.4,8809.3,947.2,421.6,525.6,8.4,9.6,7.7
1978-10,10368.8,3988.2,9017.8,3039.4,5978.4,6380.6,1351.0,948.8,402.2,58.0,44.0,72.3,11293.7,4403.3,6890.3,63.2,48.6,78.1,17876.8,9054.9,8821.8,924.8,415.1,509.7,8.2,9.4,7.4
1978-11,10387.2,4001.5,9024.7,3042.3,5982.4,6385.7,1362.4,959.2,403.3,58.0,44.1,72.3,11332.9,4423.4,6909.5,63.3,48.8,78.2,17902.4,9068.4,8834.0,945.7,422.0,523.7,8.3,9.5,7.6
1978-12,10428.3,4025.5,9050.2,3046.2,6004.0,6402.8,1378.1,979.3,398.8,58.2,44.3,72.4,11366.1,4451.7,6914.4,63.4,49.0,78.2,17927.3,9081.4,8845.8,937.8,426.2,511.6,8.3,9.6,7.4
1979-01,10483.1,4044.8,9074.6,3048.2,6026.4,6438.3,1408.5,996.6,411.9,58.4,44.5,72.7,11421.2,4465.8,6955.4,63.6,49.1,78.5,17958.4,9097.6,8860.8,938.2,421.0,517.2,8.2,9.4,7.4
1979-02,10490.0,4059.3,9100.5,3059.2,6041.4,6430.8,1389.5,1000.1,389.4,58.3,44.5,72.5,11407.3,4466.4,6940.9,63.4,49.0,78.2,17989.1,9113.9,8875.3,917.3,407.1,510.1,8.0,9.1,7.3
1979-03,10535.9,4073.8,9113.1,3056.1,6057.0,6462.1,1422.8,1017.7,405.1,58.5,44.6,72.7,11440.8,4476.7,6964.1,63.5,49.0,78.4,18014.3,9127.0,8887.3,904.9,402.9,502.1,7.9,9.0,7.2
1979-04,10560.8,4083.9,9129.5,3064.1,6065.4,6477.0,1431.4,1019.8,411.6,58.5,44.7,72.7,11474.9,4488.4,6986.5,63.6,49.1,78.5,18047.3,9144.3,8903.1,914.1,404.6,509.5,8.0,9.0,7.3
1979-05,10611.4,4092.4,9136.1,3055.3,6080.8,6518.9,1475.3,1037.1,438.2,58.7,44.7,73.1,11483.2,4481.4,7001.8,63.5,48.9,78.5,18073.7,9158.0,8915.7,871.8,389.0,482.9,7.6,8.7,6.9
1979-06,10645.4,4113.9,9190.2,3085.4,6104.8,6531.5,1455.2,1028.5,426.7,58.8,44.9,73.2,11496.1,4506.4,6989.7,63.5,49.1,78.3,18101.0,9172.3,8928.7,850.7,392.4,458.3,7.4,8.7,6.6
1979-07,10702.1,4151.4,9222.6,3109.8,6112.9,6550.7,1479.5,1041.7,437.9,59.0,45.2,73.2,11537.0,4543.8,6993.3,63.6,49.4,78.2,18133.4,9189.4,8943.9,834.9,392.4,442.5,7.2,8.6,6.3
1979-08,10742.1,4183.1,9246.3,3124.8,6121.5,6559.0,1495.8,1058.3,437.4,59.1,45.4,73.2,11563.8,4569.4,6994.4,63.7,49.6,78.1,18161.4,9204.2,8957.2,821.7,386.3,435.4,7.1,8.5,6.2
1979-09,10756.5,4179.0,9246.8,3119.5,6127.3,6577.5,1509.7,1059.6,450.1,59.1,45.3,73.3,11569.1,4558.5,7010.5,63.6,49.4,78.2,18189.4,9218.9,8970.4,812.5,379.5,433.0,7.0,8.3,6.2
1979-10,10809.0,4221.0,9296.6,3145.5,6151.1,6587.9,1512.4,1075.6,436.8,59.3,45.7,73.3,11652.2,4616.0,7036.2,63.9,50.0,78.3,18226.0,9238.1,8987.9,843.2,395.0,448.3,7.2,8.6,6.4
1979-11,10841.3,4239.3,9322.7,3160.1,6162.6,6602.0,1518.5,1079.1,439.4,59.4,45.8,73.3,11678.1,4623.9,7054.2,64.0,50.0,78.4,18255.2,9253.5,9001.7,836.8,384.7,452.2,7.2,8.3,6.4
1979-12,10859.9,4251.0,9340.8,3176.5,6164.4,6608.9,1519.1,1074.6,444.5,59.4,45.9,73.3,11708.1,4633.6,7074.5,64.0,50.0,78.5,18283.8,9268.4,9015.3,848.1,382.6,465.5,7.2,8.3,6.6
1980-01,10882.6,4272.8,9360.5,3185.3,6175.2,6609.8,1522.1,1087.5,434.6,59.4,46.0,73.2,11760.1,4667.8,7092.3,64.2,50.3,78.5,18317.9,9286.3,9031.6,877.5,395.0,482.6,7.5,8.5,6.8
1980-02,10902.9,4271.5,9375.4,3198.2,6177.1,6631.4,1527.6,1073.3,454.3,59.4,45.9,73.3,11796.9,4668.5,7128.4,64.3,50.2,78.8,18346.4,9301.4,9045.0,894.0,397.0,496.9,7.6,8.5,7.0
1980-03,10897.8,4291.4,9358.5,3199.6,6158.9,6606.4,1539.3,1091.8,447.5,59.3,46.1,72.9,11798.9,4690.5,7108.4,64.2,50.3,78.5,18373.9,9316.0,9057.9,901.0,399.1,502.0,7.6,8.5,7.1
1980-04,10938.3,4327.7,9380.1,3218.1,6161.9,6610.6,1558.3,1109.6,448.7,59.4,46.4,72.9,11846.7,4727.0,7119.7,64.4,50.6,78.5,18407.7,9333.8,9073.9,908.3,399.3,509.1,7.7,8.4,7.2
1980-05,10891.6,4310.4,9351.0,3207.3,6143.7,6581.2,1540.6,1103.1,437.5,59.1,46.1,72.4,11815.5,4718.9,7096.5,64.1,50.5,78.1,18437.0,9349.1,9087.9,923.9,408.5,515.3,7.8,8.7,7.3
1980-06,10936.8,4331.1,9379.9,3219.4,6160.5,6605.7,1556.9,1111.7,445.1,59.2,46.2,72.5,11855.1,4734.5,7120.6,64.2,50.5,78.2,18474.1,9368.6,9105.5,918.3,403.4,514.9,7.7,8.5,7.2
1980-07,10935.0,4339.5,9373.5,3217.6,6155.9,6595.5,1561.5,1122.0,439.5,59.1,46.3,72.3,11840.6,4736.2,7104.4,64.0,50.5,77.9,18501.1,9382.7,9118.3,905.6,396.6,508.9,7.6,8.4,7.2
1980-08,10970.3,4350.4,9397.7,3230.7,6167.0,6619.8,1572.5,1119.7,452.8,59.2,46.3,72.5,11878.1,4752.8,7125.4,64.1,50.6,78.0,18529.0,9397.5,9131.6,907.9,402.3,505.5,7.6,8.5,7.1
1980-09,11051.9,4392.0,9439.8,3247.8,6192.0,6659.8,1612.1,1144.2,467.9,59.5,46.6,72.8,11928.1,4778.9,7149.2,64.3,50.8,78.1,18564.0,9415.8,9148.2,876.2,386.8,489.4,7.3,8.1,6.8
1980-10,11083.1,4414.4,9476.3,3271.8,6204.5,6668.6,1606.8,1142.7,464.1,59.6,46.8,72.8,11956.2,4802.3,7153.9,64.3,50.9,78.1,18591.5,9430.3,9161.2,873.1,387.8,485.3,7.3,8.1,6.8
1980-11,11127.0,4419.1,9499.3,3258.2,6241.1,6707.9,1627.7,1160.9,466.8,59.8,46.8,73.1,11984.7,4793.8,7191.0,64.4,50.8,78.4,18617.4,9443.9,9173.5,857.7,374.6,483.1,7.2,7.8,6.7
1980-12,11140.0,4420.9,9557.8,3290.6,6267.2,6719.1,1582.2,1130.3,451.9,59.8,46.7,73.2,12014.1,4805.0,7209.1,64.4,50.8,78.5,18642.6,9457.3,9185.3,874.1,384.1,490.0,7.3,8.0,6.8
1981-01,11206.5,4451.2,9592.5,3310.1,6282.4,6755.4,1614.1,1141.1,473.0,60.0,47.0,73.4,12098.8,4844.3,7254.5,64.8,51.1,78.9,18671.8,9472.7,9199.1,892.3,393.1,499.1,7.4,8.1,6.9
1981-02,11283.3,4508.2,9625.9,3337.0,6288.9,6775.1,1657.4,1171.3,486.2,60.3,47.5,73.5,12183.1,4904.4,7278.7,65.1,51.7,79.0,18700.6,9488.1,9212.6,899.8,396.2,503.6,7.4,8.1,6.9
1981-03,11278.7,4500.9,9604.9,3315.5,6289.4,6777.8,1673.8,1185.4,488.4,60.2,47.4,73.5,12181.2,4896.4,7284.7,65.1,51.5,79.0,18725.0,9501.1,9223.9,902.4,395.5,506.9,7.4,8.1,7.0
1981-04,11315.8,4518.3,9661.6,3351.3,6310.3,6797.5,1654.2,1167.0,487.1,60.4,47.5,73.6,12184.1,4903.8,7280.3,65.0,51.5,78.8,18749.9,9514.3,9235.6,868.3,385.5,482.8,7.1,7.9,6.6
1981-05,11345.8,4567.8,9646.5,3373.5,6273.0,6778.0,1699.3,1194.2,505.1,60.4,47.9,73.3,12223.0,4952.9,7270.1,65.1,52.0,78.6,18775.2,9527.6,9247.6,877.2,385.1,492.1,7.2,7.8,6.8
1981-06,11375.6,4605.7,9685.1,3405.9,6279.1,6769.9,1690.6,1199.8,490.8,60.5,48.3,73.1,12263.6,4998.0,7265.5,65.2,52.4,78.4,18806.1,9544.1,9262.0,887.9,392.4,495.6,7.2,7.9,6.8
1981-07,11336.4,4582.2,9708.2,3409.0,6299.2,6754.2,1628.2,1173.2,455.0,60.2,48.0,72.8,12215.8,4970.8,7245.0,64.9,52.0,78.1,18829.0,9555.9,9273.0,879.4,388.6,490.8,7.2,7.8,6.8
1981-08,11353.8,4591.7,9690.9,3407.1,6283.9,6762.1,1662.8,1184.6,478.2,60.2,48.0,72.8,12215.0,4979.5,7235.5,64.8,52.0,77.9,18852.5,9568.1,9284.4,861.2,387.8,473.5,7.1,7.8,6.5
1981-09,11328.7,4600.7,9618.1,3392.0,6226.1,6728.0,1710.5,1208.7,501.8,60.0,48.0,72.4,12332.6,5045.7,7286.9,65.3,52.7,78.4,18880.8,9582.7,9298.1,1003.9,445.0,558.9,8.1,8.8,7.7
1981-10,11300.1,4591.1,9595.1,3384.2,6210.9,6709.0,1705.0,1206.9,498.1,59.8,47.8,72.1,12320.5,5042.7,7277.9,65.2,52.6,78.2,18904.4,9595.0,9309.5,1020.4,451.6,568.8,8.3,9.0,7.8
1981-11,11291.5,4587.3,9583.8,3375.8,6208.0,6704.3,1707.7,1211.5,496.3,59.7,47.8,71.9,12311.0,5047.0,7264.0,65.0,52.5,77.9,18927.1,9606.7,9320.4,1019.5,459.8,559.7,8.3,9.1,7.7
1981-12,11236.0,4570.2,9513.0,3347.1,6165.9,6665.8,1723.0,1223.2,499.8,59.3,47.5,71.4,12307.7,5023.5,7284.2,64.9,52.2,78.1,18949.7,9618.3,9331.4,1071.7,453.2,618.4,8.7,9.0,8.5
1982-01,11205.6,4576.5,9490.0,3357.8,6132.1,6629.1,1715.6,1218.6,496.9,59.1,47.5,70.9,12265.3,5015.2,7250.1,64.6,52.1,77.6,18976.3,9632.0,9344.2,1059.7,438.7,621.0,8.6,8.7,8.6
1982-02,11166.9,4561.9,9459.5,3339.7,6119.8,6605.0,1707.4,1222.2,485.2,58.8,47.3,70.6,12259.7,5018.0,7241.7,64.5,52.0,77.4,19001.7,9645.4,9356.3,1092.8,456.1,636.7,8.9,9.1,8.8
1982-03,11140.5,4555.8,9435.5,3331.7,6103.8,6584.7,1705.0,1224.1,480.9,58.6,47.2,70.3,12280.2,5030.5,7249.7,64.6,52.1,77.4,19023.7,9656.9,9366.8,1139.7,474.7,664.9,9.3,9.4,9.2
1982-04,11076.3,4541.7,9358.1,3318.6,6039.5,6534.6,1718.2,1223.1,495.1,58.2,47.0,69.7,12281.1,5039.4,7241.7,64.5,52.1,77.2,19045.6,9668.3,9377.4,1204.8,497.7,707.1,9.8,9.9,9.8
1982-05,11021.9,4519.9,9325.8,3312.9,6012.9,6502.0,1696.1,1207.0,489.0,57.8,46.7,69.3,12293.3,5039.2,7254.1,64.5,52.1,77.3,19068.3,9679.8,9388.4,1271.4,519.3,752.1,10.3,10.3,10.4
1982-06,10940.6,4506.2,9200.1,3272.4,5927.6,6434.4,1740.5,1233.8,506.7,57.3,46.5,68.4,12304.8,5045.6,7259.2,64.4,52.0,77.2,19096.2,9694.3,9401.9,1364.3,539.4,824.8,11.1,10.7,11.4
1982-07,10893.6,4491.2,9125.2,3258.7,5866.5,6402.4,1768.4,1232.5,535.9,57.0,46.3,68.0,12358.8,5070.2,7288.7,64.7,52.2,77.5,19115.7,9706.5,9409.2,1465.2,579.0,886.2,11.9,11.4,12.2
1982-08,10836.3,4489.7,9032.0,3226.4,5805.7,6346.6,1804.2,1263.3,540.9,56.6,46.2,67.4,12314.3,5061.5,7252.9,64.3,52.1,77.0,19142.0,9720.1,9421.8,1478.1,571.8,906.3,12.0,11.3,12.5
1982-09,10806.7,4479.2,9062.8,3252.9,5809.9,6327.5,1743.9,1226.3,517.7,56.4,46.0,67.1,12333.7,5052.7,7281.0,64.4,51.9,77.2,19162.5,9730.8,9431.7,1527.0,573.5,953.5,12.4,11.4,13.1
1982-10,10787.2,4482.2,9023.3,3242.8,5780.5,6305.0,1764.0,1239.4,524.5,56.2,46.0,66.8,12389.3,5090.0,7299.3,64.6,52.3,77.3,19183.2,9741.5,9441.7,1602.1,607.8,994.3,12.9,11.9,13.6
1982-11,10764.1,4484.3,8997.0,3256.7,5740.3,6279.9,1767.2,1227.6,539.6,56.1,46.0,66.4,12364.6,5108.7,7255.9,64.4,52.4,76.8,19203.3,9752.0,9451.3,1600.4,624.5,976.0,12.9,12.2,13.5
1982-12,10774.1,4493.4,8992.8,3248.4,5744.4,6280.7,1781.3,1245.0,536.3,56.0,46.0,66.4,12398.5,5135.0,7263.5,64.5,52.6,76.8,19222.6,9762.2,9460.4,1624.4,641.6,982.8,13.1,12.5,13.5
1983-01,10801.1,4506.0,8993.4,3251.7,5741.7,6295.1,1807.7,1254.3,553.4,56.1,46.1,66.5,12374.0,5138.7,7235.3,64.3,52.6,76.4,19244.2,9773.7,9470.5,1572.9,632.7,940.2,12.7,12.3,13.0
1983-02,10818.2,4512.6,9009.9,3257.8,5752.1,6305.6,1808.4,1254.8,553.6,56.2,46.1,66.5,12391.8,5144.9,7246.9,64.3,52.6,76.4,19266.5,9785.5,9481.0,1573.6,632.3,941.2,12.7,12.3,13.0
1983-03,10874.9,4536.4,9059.0,3282.2,5776.8,6338.5,1815.9,1254.2,561.7,56.4,46.3,66.8,12429.6,5167.1,7262.4,64.5,52.8,76.5,19285.1,9795.4,9489.8,1554.7,630.8,923.9,12.5,12.2,12.7
1983-04,10932.6,4569.5,9096.7,3293.7,5803.1,6363.0,1835.9,1275.9,560.0,56.6,46.6,67.0,12486.3,5192.8,7293.4,64.7,53.0,76.8,19304.2,9805.3,9498.9,1553.7,623.3,930.4,12.4,12.0,12.8
1983-05,10952.5,4576.4,9120.6,3292.2,5828.4,6376.1,1831.9,1284.2,547.7,56.7,46.6,67.0,12509.0,5190.3,7318.7,64.7,52.9,77.0,19328.1,9817.8,9510.4,1556.5,613.8,942.6,12.4,11.8,12.9
1983-06,11021.4,4614.1,9178.5,3319.1,5859.4,6407.3,1842.9,1295.1,547.9,57.0,47.0,67.3,12578.7,5220.8,7357.9,65.0,53.1,77.3,19346.5,9827.4,9519.1,1557.3,606.6,950.6,12.4,11.6,12.9
1983-07,11073.4,4628.6,9191.3,3313.8,5877.5,6444.7,1882.0,1314.8,567.2,57.2,47.1,67.6,12566.2,5216.7,7349.5,64.9,53.0,77.1,19363.3,9836.5,9526.8,1492.9,588.1,904.8,11.9,11.3,12.3
1983-08,11126.6,4655.4,9235.5,3335.6,5899.9,6471.3,1891.1,1319.8,571.3,57.4,47.3,67.8,12599.5,5237.8,7361.6,65.0,53.2,77.2,19386.4,9848.5,9538.0,1472.8,582.5,890.4,11.7,11.1,12.1
1983-09,11174.2,4665.7,9308.3,3366.4,5941.9,6508.6,1865.9,1299.2,566.7,57.6,47.3,68.2,12606.3,5243.6,7362.7,65.0,53.2,77.1,19405.3,9858.3,9547.0,1432.0,577.9,854.1,11.4,11.0,11.6
1983-10,11163.3,4673.8,9280.7,3367.7,5913.0,6489.5,1882.6,1306.2,576.5,57.5,47.4,67.9,12582.5,5254.8,7327.7,64.8,53.3,76.7,19424.2,9867.9,9556.3,1419.2,581.0,838.2,11.3,11.1,11.4
1983-11,11162.0,4676.9,9278.4,3364.7,5913.7,6485.1,1883.6,1312.2,571.4,57.4,47.3,67.8,12577.9,5245.3,7332.5,64.7,53.1,76.7,19443.7,9878.0,9565.7,1415.9,568.4,847.5,11.3,10.8,11.6
1983-12,11187.4,4692.8,9289.7,3377.4,5912.3,6494.7,1897.8,1315.4,582.4,57.5,47.5,67.8,12616.5,5278.1,7338.4,64.8,53.4,76.6,19462.2,9887.5,9574.7,1429.1,585.3,843.8,11.3,11.1,11.5
1984-01,11168.6,4680.9,9297.8,3389.4,5908.4,6487.7,1870.8,1291.5,579.3,57.3,47.3,67.7,12591.9,5267.8,7324.1,64.6,53.2,76.4,19483.7,9898.7,9585.0,1423.3,586.9,836.3,11.3,11.1,11.4
1984-02,11203.9,4699.2,9325.8,3398.7,5927.1,6504.7,1878.1,1300.4,577.7,57.4,47.4,67.8,12629.3,5295.3,7333.9,64.7,53.4,76.4,19506.2,9910.4,9595.8,1425.4,596.2,829.2,11.3,11.3,11.3
1984-03,11205.9,4705.3,9341.0,3417.5,5923.5,6500.6,1864.9,1287.8,577.1,57.4,47.4,67.7,12630.6,5294.4,7336.2,64.7,53.4,76.4,19524.2,9919.7,9604.5,1424.7,589.1,835.6,11.3,11.1,11.4
1984-04,11198.5,4700.5,9331.1,3412.2,5918.9,6498.0,1867.4,1288.3,579.1,57.3,47.3,67.6,12654.5,5299.6,7354.9,64.7,53.4,76.5,19546.8,9931.6,9615.3,1456.0,599.1,856.8,11.5,11.3,11.6
1984-05,11245.5,4727.2,9375.1,3433.4,5941.7,6518.4,1870.5,1293.8,576.7,57.5,47.5,67.7,12739.5,5342.8,7396.7,65.1,53.7,76.9,19566.7,9941.9,9624.8,1494.0,615.7,878.3,11.7,11.5,11.9
1984-06,11314.5,4743.0,9418.3,3448.1,5970.2,6571.6,1896.2,1294.9,601.4,57.8,47.7,68.2,12757.4,5338.4,7418.9,65.1,53.6,77.0,19586.5,9952.4,9634.2,1442.9,595.5,847.4,11.3,11.2,11.4
1984-07,11356.6,4760.7,9438.4,3440.1,5998.3,6595.9,1918.3,1320.6,597.6,57.9,47.8,68.4,12783.7,5361.2,7422.5,65.2,53.8,77.0,19609.7,9965.2,9644.6,1427.1,600.5,826.6,11.2,11.2,11.1
1984-08,11349.3,4770.7,9418.8,3434.2,5984.6,6578.5,1930.5,1336.6,593.9,57.8,47.8,68.1,12790.4,5368.5,7421.8,65.2,53.8,76.9,19628.8,9975.2,9653.6,1441.1,597.8,843.3,11.3,11.1,11.4
1984-09,11373.8,4786.7,9467.5,3465.5,6002.0,6587.1,1906.3,1321.2,585.1,57.9,47.9,68.2,12901.7,5430.0,7471.6,65.7,54.4,77.3,19648.2,9985.5,9662.7,1527.9,643.3,884.5,11.8,11.8,11.8
1984-10,11387.7,4786.3,9472.4,3457.3,6015.1,6601.4,1915.3,1329.0,586.3,57.9,47.9,68.2,12843.3,5408.2,7435.1,65.3,54.1,76.9,19672.4,9998.1,9674.3,1455.6,621.9,833.7,11.3,11.5,11.2
1984-11,11391.1,4815.4,9492.7,3484.1,6008.6,6575.7,1898.4,1331.3,567.1,57.8,48.1,67.9,12853.4,5442.7,7410.7,65.3,54.4,76.5,19691.5,10008.0,9683.4,1462.3,627.3,835.1,11.4,11.5,11.3
1984-12,11430.3,4827.3,9534.1,3501.5,6032.7,6603.0,1896.1,1325.8,570.3,58.0,48.2,68.1,12856.2,5439.7,7416.5,65.2,54.3,76.5,19709.6,10017.5,9692.0,1425.9,612.4,813.5,11.1,11.3,11.0
1985-01,11481.7,4857.8,9555.1,3501.9,6053.2,6623.9,1926.6,1355.9,570.7,58.2,48.4,68.3,12846.4,5417.8,7428.7,65.1,54.0,76.6,19730.9,10028.6,9702.2,1364.7,559.9,804.8,10.6,10.3,10.8
1985-02,11506.3,4876.9,9562.2,3521.7,6040.4,6629.4,1944.2,1355.2,588.9,58.3,48.6,68.3,12892.3,5466.4,7425.9,65.3,54.5,76.5,19748.6,10037.9,9710.7,1386.0,589.4,796.5,10.8,10.8,10.7
1985-03,11531.4,4887.3,9576.7,3516.6,6060.1,6644.1,1954.7,1370.7,584.0,58.3,48.6,68.4,12952.9,5481.3,7471.5,65.5,54.6,76.9,19766.5,10047.5,9719.0,1421.4,594.1,827.4,11.0,10.8,11.1
1985-04,11571.5,4902.8,9597.0,3510.4,6086.6,6668.7,1974.5,1392.4,582.1,58.5,48.7,68.5,12975.9,5512.0,7463.9,65.6,54.8,76.7,19789.4,10059.4,9730.0,1404.4,609.2,795.2,10.8,11.1,10.7
1985-05,11613.7,4917.0,9646.0,3545.8,6100.2,6696.7,1967.7,1371.2,596.5,58.6,48.8,68.8,12985.5,5506.5,7478.9,65.6,54.7,76.8,19809.0,10069.7,9739.2,1371.8,589.5,782.2,10.6,10.7,10.5
1985-06,11627.0,4932.9,9648.2,3535.8,6112.4,6694.1,1978.8,1397.1,581.6,58.6,48.9,68.7,13018.3,5522.4,7495.9,65.7,54.8,76.9,19828.7,10080.0,9748.7,1391.3,589.5,801.8,10.7,10.7,10.7
1985-07,11681.1,4953.8,9679.7,3545.6,6134.1,6727.3,2001.4,1408.2,593.2,58.8,49.1,68.9,13039.5,5540.9,7498.6,65.7,54.9,76.8,19852.4,10092.1,9760.3,1358.4,587.1,771.3,10.4,10.6,10.3
1985-08,11712.1,4979.9,9695.5,3574.1,6121.4,6732.2,2016.6,1405.8,610.8,58.9,49.3,68.9,13060.2,5559.4,7500.9,65.7,55.0,76.8,19872.8,10102.8,9770.0,1348.1,579.5,768.7,10.3,10.4,10.2
1985-09,11723.3,5002.1,9716.6,3578.1,6138.5,6721.2,2006.7,1424.0,582.8,58.9,49.4,68.7,13055.1,5585.6,7469.5,65.6,55.2,76.4,19898.7,10116.2,9782.5,1331.7,583.5,748.2,10.2,10.4,10.0
1985-10,11754.0,5028.6,9759.8,3610.4,6149.5,6725.5,1994.2,1418.2,576.0,59.0,49.7,68.7,13109.4,5603.9,7505.5,65.8,55.3,76.6,19919.1,10126.7,9792.4,1355.4,575.3,780.1,10.3,10.3,10.4
1985-11,11819.0,5042.5,9810.0,3620.8,6189.2,6776.5,2009.0,1421.7,587.3,59.3,49.7,69.1,13169.2,5637.7,7531.5,66.0,55.6,76.8,19939.6,10137.3,9802.3,1350.2,595.2,755.0,10.3,10.6,10.0
1985-12,11860.5,5065.6,9866.8,3658.2,6208.6,6794.9,1993.8,1407.4,586.4,59.4,49.9,69.3,13186.6,5640.4,7546.2,66.1,55.6,76.9,19958.2,10147.0,9811.2,1326.1,574.8,751.3,10.1,10.2,10.0
1986-01,11903.5,5081.1,9911.1,3665.6,6245.5,6822.4,1992.4,1415.6,576.8,59.6,50.0,69.5,13203.7,5650.2,7553.4,66.1,55.6,76.9,19981.2,10159.1,9822.1,1300.2,569.1,731.1,9.8,10.1,9.7
1986-02,11917.9,5093.4,9918.6,3669.4,6249.2,6824.5,1999.3,1424.0,575.3,59.6,50.1,69.4,13221.7,5663.7,7558.0,66.1,55.7,76.9,19999.0,10168.6,9830.5,1303.8,570.3,733.5,9.9,10.1,9.7
1986-03,11926.3,5091.1,9929.9,3679.7,6250.2,6835.2,1996.4,1411.4,585.0,59.6,50.0,69.5,13224.9,5659.0,7565.9,66.1,55.6,76.9,20017.2,10178.2,9839.0,1298.6,567.9,730.7,9.8,10.0,9.7
1986-04,12008.1,5123.0,9957.4,3694.7,6262.7,6885.1,2050.8,1428.3,622.4,59.9,50.3,69.9,13292.3,5691.4,7600.9,66.3,55.8,77.2,20041.3,10190.8,9850.5,1284.2,568.4,715.8,9.7,10.0,9.4
1986-05,11977.2,5114.8,9954.4,3700.5,6253.9,6862.4,2022.8,1414.3,608.5,59.7,50.1,69.6,13236.7,5661.8,7574.9,66.0,55.5,76.8,20062.1,10201.8,9860.3,1259.5,547.0,712.5,9.5,9.7,9.4
1986-06,12016.9,5154.9,9976.2,3724.4,6251.8,6862.0,2040.7,1430.5,610.2,59.8,50.5,69.5,13289.8,5704.1,7585.6,66.2,55.8,76.8,20087.6,10215.2,9872.3,1272.9,549.2,723.7,9.6,9.6,9.5
1986-07,12017.1,5155.0,10001.9,3757.8,6244.1,6862.1,2015.2,1397.2,618.0,59.8,50.4,69.4,13288.4,5705.6,7582.8,66.1,55.8,76.7,20105.9,10224.8,9881.2,1271.3,550.6,720.7,9.6,9.7,9.5
1986-08,12024.7,5159.4,10000.5,3754.8,6245.7,6865.3,2024.2,1404.6,619.5,59.8,50.4,69.4,13302.2,5708.3,7593.9,66.1,55.8,76.8,20124.5,10234.8,9889.7,1277.5,548.9,728.7,9.6,9.6,9.6
1986-09,12035.2,5156.1,9982.9,3739.8,6243.2,6879.0,2052.2,1416.4,635.9,59.7,50.3,69.5,13300.5,5697.1,7603.4,66.0,55.6,76.8,20147.1,10246.9,9900.2,1265.3,541.0,724.3,9.5,9.5,9.5
1986-10,12059.6,5163.7,10006.5,3741.1,6265.4,6895.9,2053.1,1422.6,630.4,59.8,50.3,69.6,13313.1,5716.7,7596.4,66.0,55.7,76.7,20165.8,10257.0,9908.8,1253.5,553.0,700.5,9.4,9.7,9.2
1986-11,12082.0,5167.3,10033.8,3745.7,6288.1,6914.7,2048.2,1421.6,626.6,59.9,50.3,69.7,13332.8,5720.0,7612.8,66.1,55.7,76.8,20183.9,10266.7,9917.1,1250.8,552.7,698.1,9.4,9.7,9.2
1986-12,12079.7,5164.4,10018.2,3728.6,6289.6,6915.3,2061.5,1435.8,625.7,59.8,50.3,69.7,13346.6,5719.9,7626.6,66.1,55.7,76.8,20202.6,10276.7,9925.9,1266.9,555.5,711.3,9.5,9.7,9.3
1987-01,12102.0,5189.1,10059.0,3759.2,6299.8,6912.8,2043.0,1430.0,613.0,59.8,50.4,69.6,13376.2,5753.2,7623.0,66.1,55.9,76.7,20225.3,10289.0,9936.3,1274.3,564.1,710.2,9.5,9.8,9.3
1987-02,12131.4,5204.2,10091.6,3768.3,6323.3,6927.2,2039.8,1435.9,603.9,59.9,50.5,69.6,13406.7,5770.3,7636.4,66.2,56.0,76.8,20248.6,10301.6,9947.0,1275.3,566.1,709.2,9.5,9.8,9.3
1987-03,12182.0,5227.2,10169.2,3797.7,6371.5,6954.9,2012.8,1429.4,583.4,60.1,50.7,69.9,13441.3,5792.8,7648.5,66.3,56.2,76.8,20268.9,10312.5,9956.4,1259.3,565.7,693.6,9.4,9.8,9.1
1987-04,12229.5,5249.5,10186.9,3805.4,6381.5,6979.9,2042.6,1444.1,598.5,60.3,50.8,70.0,13466.6,5808.7,7657.9,66.4,56.3,76.8,20289.9,10323.6,9966.3,1237.1,559.2,678.0,9.2,9.6,8.9
1987-05,12285.7,5275.4,10219.9,3811.6,6408.3,7010.3,2065.8,1463.8,602.0,60.5,51.0,70.3,13486.8,5816.8,7670.0,66.4,56.3,76.9,20311.5,10335.1,9976.4,1201.1,541.4,659.7,8.9,9.3,8.6
1987-06,12319.4,5299.2,10261.3,3851.3,6410.0,7020.2,2058.1,1447.8,610.2,60.6,51.2,70.3,13523.2,5847.8,7675.4,66.5,56.5,76.8,20339.2,10349.7,9989.5,1203.8,548.6,655.2,8.9,9.4,8.5
1987-07,12345.5,5320.8,10293.6,3860.7,6432.9,7024.8,2051.9,1460.1,591.9,60.6,51.4,70.3,13524.7,5857.8,7666.9,66.4,56.5,76.7,20360.6,10361.0,9999.6,1179.2,537.0,642.2,8.7,9.2,8.4
1987-08,12376.2,5338.4,10326.5,3881.7,6444.8,7037.8,2049.7,1456.7,593.0,60.7,51.5,70.3,13543.2,5865.1,7678.0,66.4,56.5,76.7,20381.6,10372.0,10009.6,1167.0,526.8,640.3,8.6,9.0,8.3
1987-09,12421.9,5356.1,10378.3,3918.4,6459.9,7065.9,2043.6,1437.6,606.0,60.9,51.6,70.5,13568.0,5876.8,7691.2,66.5,56.6,76.7,20408.3,10385.7,10022.5,1146.1,520.7,625.4,8.4,8.9,8.1
1987-10,12487.4,5387.5,10426.9,3963.6,6463.3,7099.9,2060.5,1423.9,636.6,61.1,51.8,70.8,13617.0,5903.7,7713.3,66.7,56.8,76.9,20428.5,10396.2,10032.2,1129.7,516.2,613.4,8.3,8.7,8.0
1987-11,12519.4,5402.8,10429.2,3951.5,6477.8,7116.5,2090.2,1451.4,638.8,61.2,51.9,70.9,13632.6,5918.8,7713.8,66.7,56.9,76.8,20448.3,10406.5,10041.9,1113.2,516.0,597.2,8.2,8.7,7.7
1987-12,12583.3,5435.8,10478.6,3959.7,6518.9,7147.6,2104.7,1476.1,628.7,61.5,52.2,71.1,13680.4,5936.6,7743.8,66.8,57.0,77.0,20467.1,10416.2,10050.8,1097.1,500.8,596.3,8.0,8.4,7.7
1988-01,12601.9,5441.0,10494.5,3949.9,6544.5,7161.0,2107.5,1491.0,616.4,61.5,52.2,71.2,13708.4,5948.7,7759.7,66.9,57.0,77.1,20489.4,10428.1,10061.3,1106.5,507.8,598.7,8.1,8.5,7.7
1988-02,12642.6,5470.4,10530.0,3987.7,6542.4,7172.3,2112.6,1482.7,629.9,61.6,52.4,71.2,13711.0,5961.5,7749.5,66.8,57.1,76.9,20510.8,10439.3,10071.5,1068.4,491.1,577.2,7.8,8.2,7.4
1988-03,12662.6,5481.0,10520.4,3975.7,6544.6,7181.7,2142.3,1505.2,637.0,61.7,52.5,71.2,13730.4,5971.7,7758.7,66.9,57.1,77.0,20530.0,10449.4,10080.6,1067.8,490.7,577.1,7.8,8.2,7.4
1988-04,12676.0,5505.3,10532.7,3981.2,6551.5,7170.8,2143.4,1524.1,619.3,61.7,52.6,71.1,13732.3,5986.9,7745.3,66.8,57.2,76.8,20550.6,10460.3,10090.4,1056.2,481.7,574.5,7.7,8.0,7.4
1988-05,12679.7,5515.7,10572.5,4031.2,6541.3,7164.1,2107.2,1484.4,622.8,61.6,52.7,70.9,13747.1,6002.1,7745.0,66.8,57.3,76.7,20577.9,10474.4,10103.6,1067.4,486.5,580.9,7.8,8.1,7.5
1988-06,12698.1,5535.1,10577.4,4029.7,6547.7,7163.1,2120.7,1505.3,615.4,61.6,52.8,70.8,13742.0,6018.4,7723.6,66.7,57.4,76.4,20600.0,10485.8,10114.2,1043.9,483.4,560.5,7.6,8.0,7.3
1988-07,12711.8,5537.2,10615.1,4035.7,6579.3,7174.6,2096.8,1501.5,595.3,61.6,52.7,70.9,13781.5,6040.5,7741.0,66.8,57.5,76.5,20622.0,10497.4,10124.6,1069.6,503.3,566.4,7.8,8.3,7.3
1988-08,12720.0,5540.1,10584.0,4021.0,6563.0,7179.9,2136.1,1519.1,616.9,61.6,52.7,70.8,13797.7,6056.9,7740.7,66.8,57.6,76.4,20650.4,10512.4,10138.0,1077.6,516.8,560.9,7.8,8.5,7.2
1988-09,12732.8,5562.7,10544.3,4028.1,6516.2,7170.2,2188.5,1534.5,654.0,61.6,52.9,70.7,13816.8,6065.9,7750.9,66.8,57.6,76.4,20672.5,10524.2,10148.3,1084.0,503.2,580.7,7.8,8.3,7.5
1988-10,12765.0,5594.7,10592.4,4050.4,6542.0,7170.3,2172.6,1544.4,628.3,61.7,53.1,70.6,13842.9,6082.4,7760.5,66.9,57.7,76.4,20693.6,10535.5,10158.1,1077.9,487.6,590.3,7.8,8.0,7.6
1988-11,12795.8,5597.7,10608.7,4045.4,6563.3,7198.1,2187.1,1552.3,634.9,61.8,53.1,70.8,13872.6,6098.6,7774.1,67.0,57.8,76.5,20714.3,10546.7,10167.7,1076.8,500.9,576.0,7.8,8.2,7.4
1988-12,12849.4,5626.8,10684.3,4095.9,6588.5,7222.6,2165.1,1530.9,634.1,62.0,53.3,71.0,13884.5,6092.4,7792.1,67.0,57.7,76.6,20734.5,10557.4,10177.2,1035.1,465.6,569.4,7.5,7.6,7.3
1989-01,12922.0,5660.9,10742.1,4126.9,6615.2,7261.1,2179.9,1534.0,645.9,62.2,53.5,71.3,13971.6,6140.6,7831.1,67.3,58.1,76.8,20763.1,10572.6,10190.5,1049.6,479.6,570.0,7.5,7.8,7.3
1989-02,12936.8,5659.0,10754.1,4120.5,6633.5,7277.9,2182.8,1538.4,644.3,62.2,53.5,71.4,13997.7,6140.7,7857.0,67.4,58.0,77.0,20783.3,10583.3,10200.0,1060.8,481.7,579.2,7.6,7.8,7.4
1989-03,12982.4,5682.6,10796.8,4154.1,6642.7,7299.8,2185.6,1528.5,657.1,62.4,53.6,71.5,14041.5,6157.5,7883.9,67.5,58.1,77.2,20805.4,10595.0,10210.4,1059.1,474.9,584.2,7.5,7.7,7.4
1989-04,12959.9,5674.7,10803.8,4156.1,6647.7,7285.2,2156.1,1518.5,637.5,62.2,53.5,71.3,14049.7,6170.3,7879.3,67.5,58.2,77.1,20828.2,10607.1,10221.2,1089.8,495.7,594.1,7.8,8.0,7.5
1989-05,12962.2,5678.1,10836.7,4168.8,6667.9,7284.1,2125.5,1509.3,616.3,62.1,53.4,71.2,14039.6,6173.1,7866.5,67.3,58.1,76.9,20858.6,10623.2,10235.4,1077.4,495.0,582.4,7.7,8.0,7.4
1989-06,12979.4,5689.1,10837.9,4168.8,6669.1,7290.4,2141.5,1520.2,621.3,62.2,53.5,71.1,14030.7,6161.0,7869.7,67.2,57.9,76.8,20883.0,10635.9,10247.1,1051.3,472.0,579.3,7.5,7.7,7.4
1989-07,12979.8,5694.9,10896.0,4212.9,6683.1,7284.9,2083.8,1482.0,601.8,62.1,53.5,71.0,14025.9,6170.1,7855.8,67.1,57.9,76.6,20907.8,10648.6,10259.3,1046.1,475.2,570.8,7.5,7.7,7.3
1989-08,13029.1,5719.0,10932.4,4223.0,6709.4,7310.1,2096.7,1496.0,600.7,62.2,53.6,71.1,14058.8,6195.1,7863.7,67.1,58.1,76.5,20938.9,10664.1,10274.7,1029.7,476.1,553.6,7.3,7.7,7.0
1989-09,13029.5,5719.4,10854.4,4190.2,6664.3,7310.1,2175.1,1529.2,645.9,62.2,53.6,71.1,14062.1,6191.9,7870.2,67.1,58.0,76.5,20963.6,10676.6,10287.0,1032.6,472.5,560.0,7.3,7.6,7.1
1989-10,13034.5,5731.8,10869.5,4208.4,6661.1,7302.7,2165.0,1523.4,641.6,62.1,53.6,70.9,14048.5,6192.3,7856.3,66.9,57.9,76.3,20993.6,10691.9,10301.8,1014.0,460.5,553.5,7.2,7.4,7.0
1989-11,13059.7,5748.7,10859.8,4206.2,6653.6,7311.0,2199.9,1542.5,657.4,62.1,53.7,70.9,14114.9,6223.8,7891.2,67.2,58.1,76.5,21017.0,10703.6,10313.4,1055.2,475.1,580.1,7.5,7.6,7.4
1989-12,13066.8,5764.7,10866.5,4229.3,6637.2,7302.1,2200.3,1535.4,664.9,62.1,53.8,70.7,14150.0,6251.0,7899.1,67.3,58.3,76.5,21039.1,10714.6,10324.6,1083.2,486.3,597.0,7.7,7.8,7.6
1990-01,13101.4,5783.3,10907.2,4245.0,6662.2,7318.1,2194.2,1538.3,655.9,62.2,53.9,70.8,14220.5,6274.1,7946.4,67.5,58.5,76.9,21064.5,10727.5,10337.0,1119.1,490.8,628.3,7.9,7.8,7.9
1990-02,13134.9,5796.7,10930.7,4258.7,6672.0,7338.2,2204.2,1538.0,666.2,62.3,54.0,70.9,14228.5,6290.6,7937.9,67.5,58.6,76.7,21085.8,10738.1,10347.7,1093.6,493.9,599.7,7.7,7.9,7.6
1990-03,13126.1,5792.3,10903.5,4252.8,6650.7,7333.8,2222.6,1539.5,683.1,62.2,53.9,70.8,14159.9,6251.4,7908.5,67.1,58.2,76.3,21109.5,10749.9,10359.6,1033.8,459.1,574.7,7.3,7.3,7.3
1990-04,13141.3,5808.5,10930.1,4273.9,6656.2,7332.8,2211.1,1534.6,676.6,62.2,53.9,70.7,14218.1,6289.8,7928.3,67.2,58.4,76.4,21142.7,10766.5,10376.2,1076.8,481.3,595.5,7.6,7.7,7.5
1990-05,13101.9,5803.7,10919.4,4289.9,6629.5,7298.2,2182.5,1513.8,668.7,61.9,53.8,70.2,14207.1,6299.0,7908.1,67.1,58.4,76.1,21170.0,10780.0,10390.0,1105.2,495.3,609.9,7.8,7.9,7.7
1990-06,13134.4,5838.3,10935.8,4302.1,6633.7,7296.1,2198.6,1536.3,662.4,62.0,54.1,70.1,14215.2,6322.6,7892.6,67.1,58.6,75.9,21197.5,10793.9,10403.6,1080.8,484.2,596.5,7.6,7.7,7.6
1990-07,13113.6,5831.3,10948.4,4312.8,6635.6,7282.3,2165.1,1518.5,646.7,61.8,53.9,69.9,14242.1,6329.0,7913.1,67.1,58.5,75.9,21233.1,10812.5,10420.6,1128.5,497.8,630.7,7.9,7.9,8.0
1990-08,13100.3,5830.4,10922.2,4293.2,6629.0,7269.9,2178.1,1537.2,640.9,61.6,53.8,69.7,14262.0,6338.7,7923.3,67.1,58.5,75.9,21261.0,10827.7,10433.2,1161.8,508.3,653.4,8.1,8.0,8.2
1990-09,13089.5,5820.3,10842.4,4237.3,6605.2,7269.2,2247.0,1583.0,664.0,61.5,53.7,69.6,14307.6,6353.4,7954.2,67.2,58.6,76.2,21286.8,10842.1,10444.7,1218.1,533.0,685.1,8.5,8.4,8.6
1990-10,13039.3,5803.7,10789.4,4225.7,6563.7,7235.7,2250.0,1578.0,672.0,61.2,53.4,69.2,14299.4,6359.2,7940.2,67.1,58.6,75.9,21317.2,10858.6,10458.5,1260.1,555.6,704.6,8.8,8.7,8.9
1990-11,12985.3,5794.2,10727.2,4205.0,6522.2,7191.1,2258.1,1589.2,668.9,60.8,53.3,68.7,14291.6,6362.0,7929.7,67.0,58.5,75.7,21342.5,10872.3,10470.1,1306.3,567.8,738.5,9.1,8.9,9.3
1990-12,12934.7,5776.9,10655.9,4192.0,6463.9,7157.9,2278.8,1584.9,694.0,60.5,53.1,68.3,14289.8,6355.3,7934.5,66.9,58.4,75.7,21366.2,10885.5,10480.7,1355.0,578.4,776.6,9.5,9.1,9.8
1991-01,12894.2,5772.2,10596.0,4163.2,6432.8,7122.0,2298.2,1609.0,689.2,60.3,52.9,67.9,14291.8,6368.7,7923.1,66.8,58.4,75.5,21394.7,10901.3,10493.4,1397.6,596.5,801.1,9.8,9.4,10.1
1991-02,12845.1,5760.0,10551.3,4159.6,6391.7,7085.1,2293.9,1600.4,693.4,60.0,52.8,67.4,14297.0,6368.9,7928.1,66.8,58.4,75.5,21418.6,10914.3,10504.3,1451.8,608.9,842.9,10.2,9.6,10.6
1991-03,12809.2,5768.2,10517.2,4164.3,6352.9,7041.0,2292.1,1603.9,688.1,59.7,52.8,67.0,14308.8,6398.6,7910.2,66.7,58.6,75.2,21443.8,10928.1,10515.7,1499.5,630.4,869.2,10.5,9.9,11.0
1991-04,12850.7,5781.0,10506.1,4153.0,6353.1,7069.7,2344.6,1628.0,716.6,59.8,52.8,67.1,14326.1,6399.0,7927.1,66.7,58.5,75.3,21475.8,10945.8,10530.0,1475.4,618.0,857.4,10.3,9.7,10.8
1991-05,12879.9,5804.0,10575.5,4201.1,6374.4,7075.9,2304.4,1602.8,701.6,59.9,53.0,67.1,14347.1,6415.8,7931.2,66.7,58.5,75.2,21502.0,10960.0,10542.1,1467.2,611.9,855.3,10.2,9.5,10.8
1991-06,12886.3,5811.6,10557.5,4189.7,6367.8,7074.7,2328.8,1621.9,706.9,59.9,53.0,67.0,14396.7,6446.8,7950.0,66.9,58.7,75.3,21528.2,10974.3,10553.9,1510.4,635.1,875.3,10.5,9.9,11.0
1991-07,12872.3,5800.5,10508.3,4161.0,6347.4,7071.8,2364.0,1639.5,724.4,59.7,52.8,66.9,14383.0,6437.3,7945.7,66.7,58.6,75.2,21553.8,10986.4,10567.5,1510.7,636.8,873.9,10.5,9.9,11.0
1991-08,12876.2,5810.9,10508.8,4175.4,6333.3,7065.3,2367.5,1635.5,732.0,59.7,52.9,66.8,14388.0,6438.4,7949.6,66.7,58.6,75.2,21571.3,10994.1,10577.2,1511.7,627.4,884.3,10.5,9.7,11.1
1991-09,12855.4,5796.9,10521.6,4194.3,6327.3,7058.5,2333.7,1602.6,731.2,59.5,52.7,66.6,14333.3,6411.4,7921.9,66.4,58.3,74.8,21595.6,11004.5,10591.0,1477.9,614.6,863.4,10.3,9.6,10.9
1991-10,12861.0,5797.6,10523.0,4189.8,6333.1,7063.5,2338.1,1607.7,730.3,59.5,52.6,66.6,14340.6,6420.0,7920.6,66.3,58.3,74.7,21614.4,11012.6,10601.8,1479.6,622.4,857.1,10.3,9.7,10.8
1991-11,12823.2,5779.3,10491.4,4174.5,6316.8,7043.9,2331.9,1604.8,727.1,59.3,52.4,66.4,14304.1,6404.8,7899.3,66.1,58.1,74.4,21638.0,11023.1,10615.0,1480.9,625.5,855.4,10.4,9.8,10.8
1991-12,12810.2,5781.7,10498.1,4175.1,6323.0,7028.5,2312.2,1606.7,705.5,59.1,52.4,66.1,14286.1,6398.3,7887.8,65.9,58.0,74.2,21663.5,11034.5,10629.0,1475.9,616.5,859.3,10.3,9.6,10.9
1992-01,12790.2,5788.1,10441.5,4179.1,6262.5,7002.1,2348.7,1609.1,739.6,59.0,52.4,65.8,14280.1,6407.4,7872.7,65.8,58.0,74.0,21689.1,11045.9,10643.1,1489.8,619.2,870.6,10.4,9.7,11.1
1992-02,12771.3,5795.2,10422.6,4172.1,6250.5,6976.2,2348.7,1623.0,725.7,58.8,52.4,65.5,14268.0,6414.6,7853.4,65.7,58.0,73.7,21706.9,11053.7,10653.2,1496.7,619.4,877.2,10.5,9.7,11.2
1992-03,12744.9,5769.4,10385.7,4143.2,6242.5,6975.6,2359.2,1626.1,733.1,58.6,52.1,65.4,14299.2,6409.4,7889.8,65.8,57.9,73.9,21735.9,11066.6,10669.3,1554.3,640.0,914.2,10.9,10.0,11.6
1992-04,12730.9,5769.6,10378.9,4149.3,6229.6,6961.3,2352.0,1620.3,731.7,58.5,52.1,65.2,14260.9,6397.1,7863.8,65.5,57.8,73.6,21759.0,11076.8,10682.1,1530.0,627.5,902.4,10.7,9.8,11.5
1992-05,12736.6,5763.2,10387.8,4135.5,6252.3,6973.4,2348.8,1627.7,721.1,58.5,52.0,65.2,14301.4,6394.0,7907.4,65.7,57.7,73.9,21782.8,11087.4,10695.5,1564.8,630.8,934.0,10.9,9.9,11.8
1992-06,12717.3,5761.0,10398.7,4175.2,6223.5,6956.3,2318.6,1585.8,732.8,58.3,51.9,64.9,14350.5,6410.2,7940.3,65.8,57.7,74.1,21811.7,11100.5,10711.3,1633.2,649.2,984.0,11.4,10.1,12.4
1992-07,12732.5,5762.4,10363.4,4129.8,6233.5,6970.1,2369.1,1632.5,736.6,58.3,51.9,65.0,14354.1,6422.4,7931.7,65.7,57.8,74.0,21835.0,11113.2,10721.8,1621.6,660.0,961.6,11.3,10.3,12.1
1992-08,12693.7,5758.8,10295.8,4107.8,6188.0,6935.0,2398.0,1651.0,747.0,58.1,51.8,64.6,14371.5,6426.9,7944.6,65.8,57.8,74.0,21857.6,11125.8,10731.8,1677.8,668.2,1009.6,11.7,10.4,12.7
1992-09,12700.1,5751.3,10331.8,4123.9,6207.9,6948.8,2368.3,1627.4,740.8,58.0,51.6,64.7,14368.2,6422.9,7945.3,65.7,57.6,74.0,21885.1,11141.2,10743.9,1668.1,671.6,996.5,11.6,10.5,12.5
1992-10,12713.0,5766.0,10340.5,4122.6,6217.9,6947.0,2372.5,1643.4,729.1,58.0,51.7,64.6,14347.2,6418.1,7929.1,65.5,57.5,73.7,21906.4,11153.0,10753.4,1634.2,652.1,982.1,11.4,10.2,12.4
1992-11,12704.8,5765.1,10348.1,4131.8,6216.3,6939.7,2356.6,1633.3,723.4,57.9,51.6,64.5,14453.6,6488.4,7965.2,65.9,58.1,74.0,21926.2,11164.4,10761.8,1748.9,723.3,1025.6,12.1,11.1,12.9
1992-12,12721.9,5768.2,10341.9,4113.3,6228.5,6953.7,2380.1,1654.9,725.2,58.0,51.6,64.6,14404.7,6475.9,7928.8,65.6,57.9,73.6,21946.2,11175.9,10770.3,1682.7,707.6,975.1,11.7,10.9,12.3
1993-01,12755.0,5774.9,10369.2,4131.5,6237.7,6980.1,2385.8,1643.4,742.5,58.1,51.6,64.7,14359.1,6445.0,7914.2,65.4,57.6,73.4,21969.3,11189.2,10780.1,1604.1,670.1,934.0,11.2,10.4,11.8
1993-02,12763.2,5770.7,10352.6,4112.4,6240.1,6992.5,2410.6,1658.3,752.4,58.0,51.5,64.8,14333.2,6433.4,7899.8,65.2,57.4,73.2,21991.1,11201.9,10789.2,1570.0,662.7,907.3,11.0,10.3,11.5
1993-03,12780.7,5788.6,10370.7,4139.4,6231.3,6992.1,2410.0,1649.2,760.8,58.1,51.6,64.8,14390.3,6468.2,7922.1,65.4,57.7,73.4,22012.4,11214.2,10798.2,1609.6,679.6,930.0,11.2,10.5,11.7
1993-04,12748.8,5761.9,10328.9,4115.6,6213.3,6986.9,2419.9,1646.3,773.7,57.9,51.3,64.7,14417.0,6482.5,7934.5,65.4,57.7,73.4,22032.8,11225.9,10806.9,1668.2,720.7,947.6,11.6,11.1,11.9
1993-05,12755.9,5768.9,10283.8,4085.7,6198.0,6987.0,2472.2,1683.2,789.0,57.8,51.3,64.6,14431.6,6487.6,7944.0,65.4,57.7,73.4,22053.5,11237.7,10815.8,1675.7,718.7,957.0,11.6,11.1,12.0
1993-06,12780.0,5795.1,10277.3,4097.4,6179.9,6984.8,2502.7,1697.7,805.0,57.9,51.5,64.5,14469.7,6498.3,7971.4,65.5,57.7,73.6,22082.6,11254.2,10828.4,1689.7,703.1,986.5,11.7,10.8,12.4
1993-07,12789.6,5788.6,10290.3,4094.9,6195.4,7000.9,2499.3,1693.8,805.5,57.9,51.4,64.6,14470.8,6496.7,7974.1,65.5,57.7,73.6,22104.9,11266.0,10838.9,1681.2,708.1,973.1,11.6,10.9,12.2
1993-08,12808.1,5802.9,10336.5,4120.6,6215.9,7005.2,2471.7,1682.3,789.4,57.9,51.4,64.6,14430.9,6485.4,7945.6,65.2,57.5,73.2,22132.2,11280.6,10851.5,1622.8,682.5,940.3,11.2,10.5,11.8
1993-09,12840.5,5838.1,10363.4,4147.7,6215.7,7002.4,2477.1,1690.4,786.7,58.0,51.7,64.5,14505.0,6521.5,7983.5,65.5,57.8,73.5,22154.2,11292.1,10862.1,1664.5,683.5,981.1,11.5,10.5,12.3
1993-10,12825.3,5826.9,10369.2,4139.9,6229.4,6998.4,2456.1,1687.1,769.1,57.8,51.6,64.4,14453.5,6515.8,7937.8,65.2,57.6,73.0,22174.9,11303.0,10871.9,1628.2,688.9,939.3,11.3,10.6,11.8
1993-11,12873.9,5855.8,10379.6,4154.9,6224.7,7018.1,2494.3,1700.9,793.4,58.0,51.8,64.5,14505.3,6543.3,7962.0,65.4,57.8,73.2,22193.6,11313.0,10880.6,1631.4,687.5,943.9,11.2,10.5,11.9
1993-12,12848.4,5835.0,10358.1,4137.1,6221.0,7013.5,2490.4,1697.9,792.5,57.8,51.5,64.4,14496.1,6541.4,7954.8,65.3,57.8,73.0,22212.9,11323.2,10889.7,1647.7,706.4,941.3,11.4,10.8,11.8
1994-01,12856.4,5844.9,10373.2,4140.9,6232.3,7011.4,2483.2,1704.0,779.1,57.8,51.6,64.3,14513.2,6541.5,7971.6,65.3,57.7,73.1,22233.7,11334.2,10899.5,1656.8,696.6,960.2,11.4,10.6,12.0
1994-02,12889.5,5847.0,10397.7,4149.4,6248.3,7042.5,2491.8,1697.6,794.2,57.9,51.5,64.6,14492.1,6514.1,7978.0,65.1,57.4,73.1,22256.4,11346.3,10910.1,1602.6,667.1,935.5,11.1,10.2,11.7
1994-03,12928.6,5867.4,10422.0,4142.1,6279.9,7061.2,2506.6,1725.4,781.3,58.0,51.7,64.7,14458.4,6514.0,7944.4,64.9,57.4,72.7,22279.1,11358.2,10920.8,1529.8,646.6,883.2,10.6,9.9,11.1
1994-04,12940.7,5857.0,10454.9,4154.0,6300.9,7083.7,2485.8,1703.0,782.8,58.0,51.5,64.8,14527.7,6533.2,7994.5,65.1,57.5,73.1,22302.6,11370.5,10932.1,1587.0,676.3,910.8,10.9,10.4,11.4
1994-05,13012.4,5885.9,10548.8,4186.3,6362.5,7126.5,2463.6,1699.6,764.1,58.3,51.7,65.1,14565.8,6556.4,8009.5,65.2,57.6,73.2,22332.6,11386.3,10946.3,1553.4,670.5,882.9,10.7,10.2,11.0
1994-06,13041.5,5905.8,10570.2,4192.6,6377.7,7135.7,2471.3,1713.3,758.0,58.3,51.8,65.1,14543.5,6548.2,7995.3,65.1,57.4,73.0,22356.2,11398.7,10957.4,1501.9,642.4,859.6,10.3,9.8,10.8
1994-07,13098.5,5926.8,10617.5,4207.8,6409.7,7171.7,2481.0,1719.0,762.0,58.5,51.9,65.4,14564.7,6549.6,8015.2,65.1,57.4,73.1,22380.7,11411.4,10969.3,1466.3,622.8,843.5,10.1,9.5,10.5
1994-08,13115.2,5934.1,10628.4,4209.3,6419.2,7181.1,2486.8,1724.9,761.9,58.5,51.9,65.4,14601.3,6570.2,8031.1,65.2,57.5,73.1,22411.1,11426.9,10984.2,1486.0,636.1,850.0,10.2,9.7,10.6
1994-09,13176.9,5975.3,10689.8,4244.6,6445.2,7201.6,2487.1,1730.7,756.4,58.7,52.2,65.5,14664.8,6601.8,8063.0,65.4,57.7,73.3,22433.5,11438.3,10995.2,1487.9,626.5,861.4,10.1,9.5,10.7
1994-10,13168.8,5965.8,10692.2,4265.0,6427.2,7203.0,2476.7,1700.8,775.8,58.6,52.1,65.4,14626.2,6600.4,8025.8,65.1,57.7,72.9,22455.2,11448.9,11006.3,1457.4,634.6,822.8,10.0,9.6,10.3
1994-11,13259.2,6004.9,10803.2,4335.4,6467.8,7254.3,2456.0,1669.5,786.6,59.0,52.4,65.8,14676.6,6601.2,8075.4,65.3,57.6,73.3,22476.2,11459.2,11017.0,1417.5,596.3,821.1,9.7,9.0,10.2
1994-12,13245.8,6025.6,10814.7,4350.0,6464.8,7220.2,2431.1,1675.6,755.5,58.9,52.5,65.5,14653.2,6624.6,8028.6,65.1,57.8,72.8,22495.7,11469.1,11026.6,1407.4,599.0,808.4,9.6,9.0,10.1
1995-01,13269.5,6018.2,10802.6,4319.5,6483.1,7251.3,2466.8,1698.7,768.1,58.9,52.4,65.7,14672.0,6633.3,8038.7,65.1,57.8,72.8,22524.7,11483.4,11041.3,1402.6,615.1,787.5,9.6,9.3,9.8
1995-02,13262.3,6013.7,10813.3,4332.9,6480.4,7248.6,2449.0,1680.8,768.2,58.8,52.3,65.6,14662.7,6633.2,8029.5,65.0,57.7,72.7,22545.8,11494.1,11051.8,1400.4,619.5,780.9,9.6,9.3,9.7
1995-03,13290.5,6028.2,10839.6,4346.1,6493.5,7262.3,2451.0,1682.1,768.9,58.9,52.4,65.6,14719.6,6654.9,8064.7,65.2,57.8,72.9,22568.6,11505.5,11063.1,1429.1,626.7,802.4,9.7,9.4,9.9
1995-04,13268.9,6014.8,10793.8,4298.9,6494.9,7254.1,2475.1,1715.9,759.2,58.7,52.2,65.5,14656.5,6613.5,8043.1,64.9,57.4,72.6,22592.9,11517.8,11075.2,1387.7,598.7,789.0,9.5,9.1,9.8
1995-05,13265.8,6026.7,10755.8,4294.8,6461.0,7239.2,2510.0,1731.9,778.2,58.6,52.3,65.3,14660.6,6621.5,8039.1,64.8,57.4,72.5,22623.5,11533.1,11090.4,1394.7,594.8,799.9,9.5,9.0,10.0
1995-06,13278.2,6033.9,10770.6,4304.5,6466.1,7244.3,2507.6,1729.4,778.2,58.6,52.3,65.2,14672.9,6633.1,8039.8,64.8,57.5,72.4,22647.9,11545.2,11102.7,1394.7,599.2,795.5,9.5,9.0,9.9
1995-07,13280.6,6032.1,10784.3,4323.9,6460.4,7248.5,2496.3,1708.2,788.1,58.6,52.2,65.2,14698.9,6643.8,8055.1,64.8,57.5,72.5,22672.6,11557.8,11114.8,1418.3,611.7,806.6,9.6,9.2,10.0
1995-08,13297.8,6036.3,10801.3,4325.3,6476.1,7261.5,2496.4,1711.0,785.4,58.6,52.2,65.2,14701.6,6645.3,8056.3,64.8,57.4,72.4,22702.9,11573.2,11129.8,1403.8,609.0,794.8,9.5,9.2,9.9
1995-09,13331.2,6059.2,10813.1,4326.4,6486.6,7272.0,2518.1,1732.8,785.4,58.7,52.3,65.3,14688.1,6649.6,8038.5,64.6,57.4,72.2,22725.8,11584.6,11141.2,1356.9,590.4,766.5,9.2,8.9,9.5
1995-10,13347.0,6067.8,10842.6,4354.4,6488.2,7279.2,2504.4,1713.4,791.0,58.7,52.3,65.3,14716.6,6659.1,8057.5,64.7,57.4,72.2,22749.7,11596.4,11153.2,1369.6,591.3,778.3,9.3,8.9,9.7
1995-11,13315.0,6039.2,10790.8,4295.5,6495.2,7275.9,2524.3,1743.7,780.6,58.5,52.0,65.2,14672.0,6637.4,8034.7,64.4,57.2,72.0,22772.3,11608.0,11164.3,1357.0,598.2,758.8,9.2,9.0,9.4
1995-12,13356.8,6058.2,10793.2,4297.2,6496.0,7298.6,2563.6,1761.0,802.6,58.6,52.1,65.3,14736.5,6656.9,8079.6,64.7,57.3,72.3,22793.6,11618.8,11174.7,1379.7,598.7,781.0,9.4,9.0,9.7
1996-01,13374.5,6065.2,10815.0,4310.8,6504.2,7309.3,2559.5,1754.4,805.1,58.6,52.1,65.3,14769.6,6665.3,8104.3,64.7,57.3,72.5,22821.0,11635.6,11185.3,1395.1,600.1,795.0,9.4,9.0,9.8
1996-02,13399.4,6089.5,10827.0,4334.7,6492.3,7309.9,2572.3,1754.8,817.5,58.7,52.3,65.3,14810.2,6697.9,8112.3,64.8,57.5,72.4,22844.7,11647.4,11197.3,1410.8,608.4,802.4,9.5,9.1,9.9
1996-03,13377.2,6082.6,10833.9,4336.1,6497.7,7294.6,2543.3,1746.5,796.8,58.5,52.2,65.1,14790.3,6690.7,8099.6,64.7,57.4,72.3,22868.7,11659.2,11209.5,1413.1,608.1,805.0,9.6,9.1,9.9
1996-04,13404.1,6088.3,10865.2,4347.8,6517.5,7315.7,2538.8,1740.5,798.3,58.6,52.2,65.2,14780.8,6685.2,8095.6,64.6,57.3,72.1,22892.2,11670.8,11221.4,1376.7,596.9,779.8,9.3,8.9,9.6
1996-05,13425.6,6112.9,10867.4,4357.2,6510.2,7312.7,2558.2,1755.8,802.5,58.6,52.3,65.1,14793.6,6695.5,8098.1,64.5,57.3,72.1,22922.4,11685.8,11236.6,1368.0,582.5,785.5,9.2,8.7,9.7
1996-06,13412.9,6105.3,10865.8,4352.8,6513.0,7307.5,2547.1,1752.5,794.6,58.5,52.2,65.0,14866.2,6735.8,8130.4,64.8,57.6,72.3,22945.9,11697.3,11248.6,1453.3,630.4,822.9,9.8,9.4,10.1
1996-07,13440.4,6099.3,10907.4,4338.8,6568.6,7341.1,2533.0,1760.5,772.5,58.5,52.1,65.2,14891.6,6741.4,8150.2,64.8,57.6,72.4,22976.2,11712.4,11263.8,1451.2,642.1,809.2,9.7,9.5,9.9
1996-08,13456.6,6107.5,10929.0,4359.6,6569.3,7349.1,2527.6,1747.8,779.8,58.5,52.1,65.2,14859.5,6734.5,8125.0,64.6,57.4,72.1,23000.0,11724.1,11275.9,1402.9,627.1,775.9,9.4,9.3,9.5
1996-09,13414.4,6104.2,10855.7,4336.9,6518.9,7310.2,2558.7,1767.4,791.4,58.3,52.0,64.7,14889.6,6765.6,8124.0,64.7,57.6,72.0,23028.4,11738.0,11290.4,1475.2,661.4,813.8,9.9,9.8,10.0
1996-10,13412.8,6101.5,10872.8,4325.9,6546.9,7311.3,2540.0,1775.6,764.4,58.2,51.9,64.7,14892.2,6754.8,8137.3,64.6,57.5,72.0,23050.4,11748.9,11301.5,1479.3,653.3,826.0,9.9,9.7,10.2
1996-11,13441.5,6116.6,10872.0,4313.8,6558.2,7325.0,2569.6,1802.8,766.8,58.3,52.0,64.7,14912.8,6760.3,8152.6,64.6,57.5,72.1,23071.9,11759.1,11312.8,1471.3,643.7,827.6,9.9,9.5,10.2
1996-12,13465.7,6122.6,10872.5,4295.8,6576.7,7343.1,2593.2,1826.8,766.3,58.3,52.0,64.9,14918.8,6760.5,8158.3,64.6,57.4,72.1,23092.0,11769.1,11322.9,1453.1,637.8,815.3,9.7,9.4,10.0
1997-01,13535.9,6160.7,10948.2,4351.8,6596.5,7375.2,2587.7,1808.9,778.8,58.6,52.3,65.1,14951.9,6784.5,8167.4,64.7,57.6,72.1,23114.7,11780.2,11334.5,1416.0,623.9,792.1,9.5,9.2,9.7
1997-02,13538.1,6162.1,10930.7,4334.2,6596.4,7376.0,2607.4,1827.9,779.6,58.5,52.3,65.0,14961.8,6780.2,8181.6,64.7,57.5,72.1,23134.5,11789.8,11344.6,1423.7,618.1,805.6,9.5,9.1,9.8
1997-03,13569.8,6185.9,10937.0,4343.8,6593.3,7383.9,2632.8,1842.2,790.6,58.6,52.4,65.0,14968.1,6797.5,8170.5,64.6,57.6,72.0,23156.3,11800.6,11355.7,1398.2,611.6,786.7,9.3,9.0,9.6
1997-04,13571.2,6204.6,10959.9,4375.1,6584.8,7366.6,2611.3,1829.5,781.8,58.5,52.5,64.8,14986.5,6825.9,8160.6,64.6,57.8,71.8,23185.1,11814.7,11370.4,1415.3,621.3,794.0,9.4,9.1,9.7
1997-05,13637.2,6205.3,11028.4,4374.6,6653.8,7431.9,2608.8,1830.6,778.2,58.8,52.5,65.3,15045.2,6827.4,8217.8,64.8,57.7,72.2,23208.6,11826.3,11382.3,1408.0,622.2,785.8,9.4,9.1,9.6
1997-06,13690.0,6224.3,11133.3,4411.9,6721.5,7465.7,2556.6,1812.4,744.2,58.9,52.6,65.5,15066.2,6856.2,8210.0,64.8,57.9,72.0,23237.4,11840.4,11396.9,1376.2,631.9,744.3,9.1,9.2,9.1
1997-07,13731.5,6246.3,11080.3,4374.1,6706.2,7485.2,2651.2,1872.2,779.0,59.0,52.7,65.6,15075.9,6844.7,8231.1,64.8,57.8,72.1,23260.1,11851.0,11409.0,1344.4,598.4,746.0,8.9,8.7,9.1
1997-08,13798.9,6275.7,11124.6,4396.1,6728.4,7523.2,2674.3,1879.6,794.8,59.3,52.9,65.9,15143.7,6873.1,8270.6,65.0,57.9,72.4,23283.5,11862.0,11421.4,1344.8,597.4,747.4,8.9,8.7,9.0
1997-09,13815.9,6268.5,11221.0,4454.0,6767.0,7547.5,2595.0,1814.5,780.5,59.3,52.8,66.0,15155.2,6865.1,8290.1,65.0,57.8,72.5,23312.7,11875.8,11436.9,1339.3,596.7,742.6,8.8,8.7,9.0
1997-10,13833.1,6265.6,11206.3,4446.4,6759.9,7567.5,2626.8,1819.2,807.6,59.3,52.7,66.1,15180.5,6878.9,8301.5,65.1,57.9,72.5,23335.3,11886.2,11449.1,1347.4,613.4,734.0,8.9,8.9,8.8
1997-11,13859.5,6283.5,11233.6,4473.8,6759.8,7576.0,2625.9,1809.7,816.2,59.3,52.8,66.1,15205.8,6897.8,8308.0,65.1,58.0,72.5,23356.4,11895.9,11460.5,1346.3,614.3,732.1,8.9,8.9,8.8
1997-12,13874.9,6296.8,11295.6,4518.2,6777.4,7578.1,2579.2,1778.5,800.7,59.4,52.9,66.1,15158.0,6864.8,8293.2,64.8,57.7,72.3,23375.4,11904.5,11470.8,1283.1,568.1,715.1,8.5,8.3,8.6
1998-01,13864.8,6301.8,11286.2,4525.0,6761.2,7563.0,2578.7,1776.8,801.9,59.3,52.9,65.9,15202.8,6909.4,8293.4,65.0,58.0,72.2,23397.5,11914.6,11483.0,1337.9,607.6,730.4,8.8,8.8,8.8
1998-02,13914.5,6337.7,11327.7,4526.9,6800.8,7576.8,2586.8,1810.7,776.0,59.4,53.1,65.9,15217.1,6928.0,8289.1,65.0,58.1,72.1,23419.2,11924.4,11494.8,1302.6,590.3,712.3,8.6,8.5,8.6
1998-03,13949.4,6364.9,11328.6,4546.4,6782.3,7584.5,2620.8,1818.6,802.3,59.5,53.3,65.9,15222.9,6942.5,8280.4,64.9,58.2,72.0,23438.6,11933.4,11505.2,1273.4,577.5,695.9,8.4,8.3,8.4
1998-04,13977.6,6389.9,11322.4,4546.8,6775.7,7587.7,2655.2,1843.2,812.0,59.6,53.5,65.9,15238.5,6949.9,8288.6,65.0,58.2,72.0,23459.9,11943.2,11516.7,1260.9,560.0,700.9,8.3,8.1,8.5
1998-05,13993.3,6387.1,11366.9,4559.3,6807.5,7606.3,2626.4,1827.7,798.7,59.6,53.4,66.0,15257.6,6952.7,8304.9,65.0,58.2,72.0,23482.1,11953.5,11528.6,1264.3,565.6,698.6,8.3,8.1,8.4
1998-06,14005.8,6397.3,11383.5,4592.3,6791.2,7608.5,2622.3,1805.1,817.3,59.6,53.5,65.9,15284.1,6957.0,8327.0,65.0,58.1,72.1,23509.5,11966.2,11543.3,1278.2,559.7,718.6,8.4,8.0,8.6
1998-07,14063.8,6441.0,11392.9,4606.1,6786.8,7622.8,2670.9,1834.8,836.1,59.8,53.8,66.0,15333.4,6983.3,8350.1,65.2,58.3,72.3,23528.9,11976.2,11552.7,1269.6,542.4,727.2,8.3,7.8,8.7
1998-08,14101.7,6461.6,11441.7,4609.0,6832.7,7640.1,2660.0,1852.6,807.4,59.9,53.9,66.1,15341.4,7002.0,8339.4,65.2,58.4,72.1,23547.6,11985.9,11561.7,1239.7,540.4,699.3,8.1,7.7,8.4
1998-09,14140.7,6493.7,11473.4,4621.5,6851.9,7647.0,2667.3,1872.2,795.1,60.0,54.1,66.1,15405.4,7048.7,8356.8,65.4,58.7,72.2,23572.2,11998.4,11573.8,1264.7,555.0,709.7,8.2,7.9,8.5
1998-10,14159.4,6517.1,11508.7,4659.0,6849.7,7642.3,2650.7,1858.1,792.6,60.0,54.3,66.0,15392.5,7044.8,8347.7,65.2,58.7,72.1,23592.3,12008.7,11583.6,1233.1,527.7,705.4,8.0,7.5,8.5
1998-11,14198.9,6532.4,11524.9,4654.4,6870.5,7666.5,2674.1,1878.1,796.0,60.1,54.4,66.1,15439.1,7064.7,8374.5,65.4,58.8,72.2,23611.5,12018.5,11593.1,1240.2,532.2,708.0,8.0,7.5,8.5
1998-12,14200.0,6535.8,11498.9,4628.9,6870.0,7664.2,2701.1,1906.9,794.3,60.1,54.3,66.1,15459.0,7085.0,8373.9,65.4,58.9,72.2,23629.5,12027.6,11601.9,1259.0,549.3,709.7,8.1,7.8,8.5
1999-01,14273.3,6561.6,11592.2,4676.5,6915.6,7711.7,2681.2,1885.1,796.1,60.3,54.5,66.4,15499.4,7105.0,8394.4,65.5,59.0,72.3,23650.9,12038.4,11612.4,1226.0,543.4,682.6,7.9,7.6,8.1
1999-02,14263.3,6554.9,11612.2,4708.2,6904.0,7708.4,2651.0,1846.7,804.4,60.3,54.4,66.3,15486.6,7093.8,8392.8,65.4,58.9,72.2,23672.2,12049.2,11623.0,1223.3,539.0,684.4,7.9,7.6,8.2
1999-03,14278.7,6553.2,11643.7,4721.9,6921.8,7725.5,2635.0,1831.3,803.7,60.3,54.3,66.4,15497.7,7091.7,8406.1,65.4,58.8,72.3,23693.5,12060.0,11633.5,1219.0,538.5,680.6,7.9,7.6,8.1
1999-04,14316.6,6564.2,11693.4,4738.7,6954.7,7752.4,2623.2,1825.4,797.7,60.4,54.4,66.6,15592.5,7136.4,8456.0,65.7,59.1,72.6,23716.0,12071.2,11644.8,1275.9,572.3,703.6,8.2,8.0,8.3
1999-05,14352.7,6585.0,11731.6,4759.5,6972.1,7767.7,2621.1,1825.5,795.6,60.5,54.5,66.6,15591.5,7142.1,8449.4,65.7,59.1,72.5,23739.9,12083.2,11656.7,1238.8,557.1,681.7,7.9,7.8,8.1
1999-06,14373.0,6598.2,11721.4,4744.7,6976.7,7774.7,2651.5,1853.6,798.0,60.5,54.5,66.6,15553.3,7124.8,8428.5,65.4,58.9,72.2,23769.7,12098.1,11671.6,1180.3,526.6,653.8,7.6,7.4,7.8
1999-07,14430.9,6633.9,11754.3,4782.0,6972.3,7796.9,2676.5,1851.9,824.6,60.7,54.8,66.7,15610.2,7156.5,8453.6,65.6,59.1,72.4,23792.9,12109.3,11683.5,1179.3,522.6,656.7,7.6,7.3,7.8
1999-08,14451.8,6654.6,11769.0,4783.3,6985.7,7797.2,2682.8,1871.4,811.4,60.7,54.9,66.7,15610.6,7154.8,8455.8,65.5,59.0,72.3,23820.6,12122.6,11697.9,1158.9,500.2,658.6,7.4,7.0,7.8
1999-09,14474.6,6649.4,11816.2,4803.4,7012.8,7825.2,2658.4,1846.0,812.4,60.7,54.8,66.8,15645.9,7147.0,8498.9,65.6,58.9,72.6,23844.8,12134.4,11710.4,1171.3,497.6,673.7,7.5,7.0,7.9
1999-10,14514.7,6654.5,11864.4,4807.7,7056.7,7860.2,2650.2,1846.7,803.5,60.8,54.8,67.0,15640.3,7142.6,8497.7,65.5,58.8,72.5,23869.2,12146.0,11723.1,1125.6,488.2,637.5,7.2,6.8,7.5
1999-11,14549.4,6662.4,11923.4,4842.2,7081.2,7887.0,2626.0,1820.2,805.8,60.9,54.8,67.2,15633.5,7135.7,8497.8,65.4,58.7,72.4,23892.8,12157.3,11735.5,1084.1,473.3,610.9,6.9,6.6,7.2
1999-12,14611.3,6677.7,11978.4,4859.9,7118.6,7933.6,2632.9,1817.8,815.0,61.1,54.9,67.5,15671.1,7146.3,8524.8,65.5,58.7,72.6,23915.0,12167.7,11747.3,1059.8,468.6,591.2,6.8,6.6,6.9
2000-01,14652.7,6718.1,12006.9,4877.5,7129.4,7934.7,2645.9,1840.6,805.3,61.2,55.2,67.5,15720.8,7188.2,8532.6,65.7,59.0,72.6,23937.8,12178.5,11759.3,1068.1,470.1,598.0,6.8,6.5,7.0
2000-02,14672.2,6737.2,12027.3,4886.2,7141.0,7935.0,2645.0,1851.0,794.0,61.2,55.3,67.4,15753.3,7226.8,8526.5,65.7,59.3,72.4,23963.5,12190.6,11772.9,1081.1,489.6,591.5,6.9,6.8,6.9
2000-03,14697.5,6744.0,12061.5,4916.5,7145.1,7953.5,2636.0,1827.5,808.5,61.3,55.3,67.5,15779.8,7237.4,8542.4,65.8,59.3,72.5,23988.6,12202.2,11786.4,1082.3,493.4,588.9,6.9,6.8,6.9
2000-04,14722.7,6753.1,12034.4,4914.1,7120.4,7969.6,2688.2,1839.0,849.2,61.3,55.3,67.5,15787.2,7229.3,8557.8,65.7,59.2,72.5,24014.6,12214.4,11800.2,1064.5,476.2,588.3,6.7,6.6,6.9
2000-05,14736.4,6779.5,12076.6,4941.1,7135.5,7956.9,2659.8,1838.4,821.4,61.3,55.4,67.3,15783.8,7247.2,8536.6,65.6,59.3,72.2,24048.5,12230.3,11818.1,1047.5,467.7,579.7,6.6,6.5,6.8
2000-06,14746.8,6806.4,12074.9,4946.0,7128.9,7940.5,2671.9,1860.3,811.6,61.3,55.6,67.1,15807.8,7268.5,8539.4,65.7,59.4,72.2,24076.3,12243.5,11832.8,1061.0,462.1,598.9,6.7,6.4,7.0
2000-07,14750.4,6789.1,12079.5,4942.4,7137.1,7961.4,2670.9,1846.6,824.3,61.2,55.4,67.2,15818.5,7277.7,8540.8,65.6,59.4,72.1,24102.5,12255.9,11846.6,1068.0,488.6,579.4,6.8,6.7,6.8
2000-08,14770.3,6807.1,12082.3,4954.7,7127.6,7963.3,2688.0,1852.3,835.7,61.2,55.5,67.1,15883.5,7306.6,8576.8,65.8,59.5,72.3,24134.6,12271.0,11863.7,1113.1,499.6,613.5,7.0,6.8,7.2
2000-09,14812.2,6824.7,12081.8,4933.6,7148.2,7987.5,2730.4,1891.1,839.3,61.3,55.6,67.2,15916.3,7324.0,8592.2,65.9,59.6,72.3,24162.1,12284.0,11878.1,1104.1,499.3,604.7,6.9,6.8,7.0
2000-10,14835.3,6837.7,12138.8,4968.7,7170.1,7997.6,2696.5,1869.1,827.4,61.3,55.6,67.2,15955.7,7354.0,8601.7,66.0,59.8,72.3,24189.6,12296.9,11892.7,1120.4,516.2,604.2,7.0,7.0,7.0
2000-11,14871.4,6856.6,12203.6,5018.3,7185.3,8014.8,2667.8,1838.3,829.5,61.4,55.7,67.3,15982.1,7354.0,8628.1,66.0,59.7,72.5,24216.4,12309.5,11907.0,1110.7,497.4,613.3,6.9,6.8,7.1
2000-12,14920.0,6862.1,12219.9,5012.2,7207.7,8057.8,2700.1,1850.0,850.1,61.5,55.7,67.6,16003.2,7351.3,8651.9,66.0,59.7,72.6,24241.9,12321.3,11920.6,1083.2,489.2,594.1,6.8,6.7,6.9
2001-01,14894.4,6867.6,12196.3,4999.7,7196.6,8026.8,2698.0,1867.8,830.2,61.4,55.7,67.3,15994.5,7366.4,8628.1,65.9,59.7,72.4,24255.3,12331.1,11924.2,1100.1,498.8,601.3,6.9,6.8,7.0
2001-02,14883.9,6861.9,12202.3,5015.9,7186.4,8022.0,2681.5,1846.0,835.6,61.3,55.6,67.2,16004.4,7356.1,8648.3,65.9,59.6,72.4,24280.4,12342.9,11937.5,1120.5,494.2,626.3,7.0,6.7,7.2
2001-03,14888.7,6883.7,12202.6,5026.2,7176.5,8005.0,2686.1,1857.6,828.5,61.2,55.7,67.0,16033.2,7378.0,8655.3,66.0,59.7,72.4,24308.1,12356.0,11952.2,1144.6,494.3,650.3,7.1,6.7,7.5
2001-04,14922.3,6894.3,12221.1,5043.6,7177.5,8028.0,2701.2,1850.7,850.5,61.3,55.7,67.1,16066.9,7392.8,8674.1,66.0,59.7,72.5,24344.9,12373.5,11971.3,1144.7,498.5,646.2,7.1,6.7,7.4
2001-05,14946.2,6921.5,12219.5,5043.2,7176.3,8024.8,2726.7,1878.3,848.4,61.3,55.9,66.9,16076.9,7411.2,8665.6,66.0,59.8,72.3,24375.1,12388.0,11987.2,1130.6,489.8,640.9,7.0,6.6,7.4
2001-06,14922.5,6895.6,12218.3,5046.6,7171.7,8026.9,2704.2,1849.0,855.2,61.1,55.6,66.9,16085.1,7401.0,8684.1,65.9,59.7,72.3,24406.3,12402.9,12003.4,1162.6,505.4,657.2,7.2,6.8,7.6
2001-07,14946.3,6912.4,12187.2,5001.3,7185.9,8033.9,2759.1,1911.1,848.0,61.1,55.7,66.8,16083.9,7419.0,8665.0,65.8,59.7,72.1,24442.1,12420.6,12021.5,1137.7,506.6,631.1,7.1,6.8,7.3
2001-08,14948.5,6910.5,12262.6,5064.2,7198.4,8038.0,2685.9,1846.3,839.6,61.1,55.6,66.8,16112.4,7424.3,8688.2,65.8,59.7,72.2,24470.7,12434.7,12036.0,1163.9,513.8,650.2,7.2,6.9,7.5
2001-09,14972.8,6932.7,12273.0,5090.9,7182.1,8040.1,2699.8,1841.8,858.0,61.1,55.7,66.7,16131.5,7448.6,8682.9,65.8,59.8,72.1,24498.4,12448.3,12050.2,1158.7,516.0,642.8,7.2,6.9,7.4
2001-10,14976.9,6936.3,12274.0,5086.5,7187.5,8040.6,2702.9,1849.8,853.0,61.1,55.7,66.7,16159.8,7451.8,8708.0,65.9,59.8,72.2,24525.1,12461.6,12063.5,1182.9,515.5,667.4,7.3,6.9,7.7
2001-11,14990.3,6964.7,12240.7,5059.3,7181.4,8025.6,2749.6,1905.4,844.2,61.1,55.8,66.5,16199.7,7484.5,8715.2,66.0,60.0,72.2,24550.9,12474.3,12076.5,1209.4,519.8,689.6,7.5,6.9,7.9
2001-12,14965.6,6964.5,12199.9,5059.8,7140.1,8001.1,2765.7,1904.7,861.0,60.9,55.8,66.2,16276.1,7510.9,8765.2,66.2,60.2,72.5,24575.0,12486.1,12088.9,1310.4,546.4,764.0,8.1,7.3,8.7
2002-01,15023.8,7008.4,12228.8,5088.5,7140.3,8015.4,2795.0,1919.9,875.1,61.1,56.1,66.2,16326.8,7538.5,8788.3,66.3,60.3,72.6,24608.4,12502.7,12105.7,1302.9,530.0,772.9,8.0,7.0,8.8
2002-02,15042.8,6990.6,12263.2,5087.6,7175.6,8052.2,2779.6,1902.9,876.6,61.1,55.9,66.4,16334.7,7534.2,8800.5,66.3,60.2,72.6,24634.0,12515.4,12118.5,1291.9,543.6,748.3,7.9,7.2,8.5
2002-03,15110.5,7013.2,12305.5,5076.3,7229.3,8097.2,2804.9,1936.9,868.0,61.3,56.0,66.7,16402.6,7567.3,8835.3,66.5,60.4,72.8,24662.4,12529.5,12133.0,1292.1,554.0,738.1,7.9,7.3,8.4
2002-04,15171.9,7042.9,12333.9,5081.1,7252.8,8129.0,2838.0,1961.7,876.3,61.4,56.1,66.9,16438.8,7590.3,8848.5,66.6,60.5,72.8,24699.4,12547.9,12151.5,1266.9,547.4,719.5,7.7,7.2,8.1
2002-05,15225.4,7067.2,12388.9,5113.4,7275.4,8158.1,2836.5,1953.8,882.7,61.6,56.3,67.1,16502.9,7620.1,8882.8,66.7,60.7,73.0,24729.8,12562.9,12166.9,1277.5,552.8,724.7,7.7,7.3,8.2
2002-06,15287.9,7100.4,12447.2,5140.6,7306.6,8187.5,2840.7,1959.9,880.8,61.7,56.4,67.2,16556.3,7657.1,8899.2,66.9,60.9,73.0,24761.0,12578.3,12182.6,1268.4,556.6,711.8,7.7,7.3,8.0
2002-07,15333.7,7125.0,12486.6,5163.9,7322.7,8208.7,2847.1,1961.1,886.0,61.8,56.6,67.3,16591.7,7674.8,8916.9,66.9,60.9,73.1,24795.8,12596.1,12199.7,1258.0,549.7,708.2,7.6,7.2,7.9
2002-08,15414.6,7182.9,12531.3,5208.2,7323.1,8231.8,2883.4,1974.7,908.7,62.1,57.0,67.4,16650.8,7721.9,8928.9,67.1,61.2,73.1,24818.6,12607.5,12211.1,1236.2,539.0,697.1,7.4,7.0,7.8
2002-09,15422.8,7193.9,12530.7,5199.7,7331.0,8228.9,2892.1,1994.1,898.0,62.1,57.0,67.3,16682.2,7742.6,8939.6,67.1,61.3,73.1,24845.8,12621.3,12224.5,1259.4,548.7,710.7,7.5,7.1,8.0
2002-10,15425.6,7203.1,12493.9,5178.3,7315.6,8222.4,2931.6,2024.8,906.8,62.0,57.0,67.2,16684.3,7749.7,8934.7,67.1,61.3,73.0,24868.1,12632.6,12235.5,1258.8,546.5,712.3,7.5,7.1,8.0
2002-11,15464.8,7217.4,12552.1,5222.4,7329.6,8247.4,2912.7,1995.0,917.8,62.1,57.1,67.3,16722.4,7764.7,8957.7,67.2,61.4,73.1,24889.7,12643.4,12246.3,1257.5,547.3,710.3,7.5,7.0,7.9
2002-12,15507.0,7234.7,12579.0,5213.7,7365.3,8272.3,2928.0,2021.0,907.0,62.3,57.2,67.5,16776.3,7777.9,8998.4,67.3,61.5,73.4,24909.8,12653.5,12256.3,1269.3,543.2,726.1,7.6,7.0,8.1
2003-01,15540.8,7247.2,12596.3,5222.8,7373.6,8293.6,2944.4,2024.4,920.0,62.3,57.2,67.6,16791.0,7797.7,8993.3,67.3,61.6,73.3,24932.7,12664.8,12267.9,1250.3,550.5,699.7,7.4,7.1,7.8
2003-02,15600.1,7282.9,12629.2,5230.7,7398.5,8317.2,2970.9,2052.2,918.8,62.5,57.5,67.7,16854.1,7829.5,9024.6,67.5,61.8,73.5,24953.8,12675.3,12278.5,1254.0,546.6,707.4,7.4,7.0,7.8
2003-03,15598.9,7276.6,12654.2,5239.0,7415.2,8322.3,2944.7,2037.6,907.1,62.4,57.4,67.7,16842.0,7828.0,9014.0,67.4,61.7,73.3,24978.6,12687.7,12290.9,1243.1,551.4,691.7,7.4,7.0,7.7
2003-04,15597.6,7255.0,12657.4,5227.6,7429.7,8342.6,2940.2,2027.3,912.9,62.4,57.1,67.8,16884.6,7833.3,9051.3,67.5,61.7,73.5,25009.7,12703.3,12306.5,1287.0,578.3,708.7,7.6,7.4,7.8
2003-05,15581.1,7272.5,12652.2,5233.1,7419.1,8308.6,2928.9,2039.4,889.5,62.2,57.2,67.4,16903.6,7859.4,9044.2,67.5,61.8,73.4,25035.1,12716.0,12319.1,1322.5,586.9,735.6,7.8,7.5,8.1
2003-06,15629.1,7302.1,12642.7,5248.7,7394.0,8327.0,2986.3,2053.4,933.0,62.3,57.3,67.5,16910.4,7860.4,9050.0,67.5,61.7,73.4,25068.7,12732.9,12335.8,1281.3,558.3,723.0,7.6,7.1,8.0
2003-07,15651.0,7318.0,12688.5,5280.7,7407.8,8333.0,2962.5,2037.3,925.2,62.4,57.4,67.5,16943.6,7875.5,9068.1,67.5,61.8,73.4,25095.9,12747.1,12348.8,1292.6,557.5,735.0,7.6,7.1,8.1
2003-08,15653.4,7338.7,12674.3,5275.6,7398.8,8314.7,2979.1,2063.1,916.0,62.3,57.5,67.3,16980.7,7909.5,9071.1,67.6,62.0,73.4,25121.7,12760.2,12361.6,1327.2,570.8,756.4,7.8,7.2,8.3
2003-09,15684.5,7338.1,12671.7,5262.5,7409.2,8346.4,3012.9,2075.6,937.3,62.4,57.4,67.4,17024.5,7935.7,9088.8,67.7,62.1,73.4,25154.0,12776.7,12377.3,1339.9,597.5,742.4,7.9,7.5,8.2
2003-10,15735.8,7371.9,12774.9,5371.0,7403.9,8363.9,2960.9,2000.9,960.0,62.5,57.6,67.5,17022.7,7930.4,9092.3,67.6,62.0,73.4,25179.6,12789.9,12389.7,1286.9,558.5,728.3,7.6,7.0,8.0
2003-11,15777.0,7388.3,12802.8,5344.8,7458.0,8388.7,2974.2,2043.6,930.7,62.6,57.7,67.6,17044.0,7942.5,9101.4,67.6,62.0,73.4,25203.7,12802.1,12401.6,1266.9,554.2,712.7,7.4,7.0,7.8
2003-12,15807.1,7421.6,12826.7,5361.5,7465.2,8385.5,2980.5,2060.1,920.3,62.7,57.9,67.6,17062.9,7972.4,9090.4,67.6,62.2,73.2,25225.6,12813.2,12412.4,1255.8,550.8,704.9,7.4,6.9,7.8
2004-01,15811.1,7402.9,12854.2,5383.7,7470.5,8408.2,2956.9,2019.2,937.7,62.6,57.7,67.7,17059.1,7956.4,9102.8,67.6,62.0,73.3,25250.0,12825.7,12424.3,1248.0,553.5,694.5,7.3,7.0,7.6
2004-02,15830.7,7428.2,12891.9,5402.9,7489.1,8402.5,2938.8,2025.3,913.5,62.6,57.9,67.6,17088.4,7981.6,9106.9,67.6,62.2,73.2,25276.5,12839.3,12437.2,1257.7,553.4,704.3,7.4,6.9,7.7
2004-03,15842.5,7421.9,12924.8,5437.9,7486.9,8420.6,2917.7,1984.0,933.7,62.6,57.7,67.6,17097.0,7967.8,9129.2,67.6,62.0,73.3,25302.8,12852.7,12450.2,1254.5,545.9,708.5,7.3,6.9,7.8
2004-04,15885.2,7428.7,12959.4,5427.8,7531.6,8456.5,2925.8,2000.8,925.0,62.7,57.7,67.9,17120.1,7974.9,9145.3,67.6,62.0,73.4,25330.1,12866.7,12463.4,1234.9,546.2,688.7,7.2,6.8,7.5
2004-05,15913.9,7467.4,12966.0,5458.2,7507.9,8446.5,2947.9,2009.2,938.6,62.8,58.0,67.7,17123.3,7997.6,9125.7,67.5,62.1,73.1,25358.7,12881.1,12477.5,1209.4,530.2,679.2,7.1,6.6,7.4
2004-06,15926.3,7479.3,12983.8,5440.7,7543.1,8447.1,2942.5,2038.6,904.0,62.7,58.0,67.6,17165.8,8022.9,9142.9,67.6,62.2,73.2,25395.6,12900.0,12495.6,1239.5,543.7,695.8,7.2,6.8,7.6
2004-07,15934.2,7459.1,12954.3,5401.5,7552.8,8475.1,2979.9,2057.6,922.3,62.7,57.8,67.7,17136.1,8006.4,9129.7,67.4,62.0,73.0,25425.1,12915.0,12510.1,1201.9,547.3,654.6,7.0,6.8,7.2
2004-08,15925.9,7442.2,12957.9,5400.3,7557.7,8483.7,2967.9,2041.9,926.0,62.6,57.5,67.7,17121.5,7989.4,9132.1,67.2,61.8,72.9,25459.9,12932.5,12527.5,1195.7,547.3,648.4,7.0,6.9,7.1
2004-09,15974.6,7470.0,13027.9,5437.6,7590.4,8504.5,2946.7,2032.5,914.2,62.7,57.7,67.8,17174.1,8009.4,9164.7,67.4,61.9,73.1,25487.3,12946.6,12540.8,1199.5,539.4,660.2,7.0,6.7,7.2
2004-10,15990.0,7462.7,13034.1,5427.3,7606.8,8527.3,2955.9,2035.5,920.5,62.7,57.6,67.9,17208.6,8015.7,9192.9,67.4,61.9,73.2,25513.4,12959.7,12553.7,1218.6,553.0,665.6,7.1,6.9,7.2
2004-11,16008.5,7487.3,13030.3,5435.7,7594.6,8521.2,2978.2,2051.6,926.6,62.7,57.7,67.8,17247.0,8052.0,9195.0,67.5,62.1,73.2,25537.2,12971.9,12565.3,1238.5,564.7,673.8,7.2,7.0,7.3
2004-12,16018.1,7498.2,13034.2,5444.6,7589.7,8520.0,2983.9,2053.6,930.3,62.7,57.8,67.7,17246.8,8041.9,9204.9,67.5,61.9,73.2,25560.2,12983.5,12576.8,1228.7,543.7,685.0,7.1,6.8,7.4
2005-01,16015.1,7496.7,13047.7,5432.1,7615.6,8518.4,2967.4,2064.7,902.7,62.6,57.7,67.7,17210.6,8025.1,9185.4,67.3,61.7,73.0,25585.5,12996.2,12589.3,1195.5,528.4,667.1,6.9,6.6,7.3
2005-02,16051.1,7522.3,13084.2,5479.0,7605.3,8528.8,2966.8,2043.4,923.5,62.7,57.8,67.7,17266.1,8063.2,9202.9,67.4,62.0,73.0,25613.5,13010.4,12603.1,1215.0,540.9,674.1,7.0,6.7,7.3
2005-03,16047.2,7503.9,13065.6,5467.5,7598.1,8543.3,2981.6,2036.4,945.2,62.6,57.6,67.7,17235.5,8026.7,9208.8,67.2,61.6,73.0,25640.9,13024.3,12616.6,1188.3,522.9,665.5,6.9,6.5,7.2
2005-04,16075.2,7532.7,13100.9,5489.2,7611.7,8542.5,2974.3,2043.5,930.9,62.6,57.8,67.6,17238.9,8040.2,9198.7,67.2,61.7,72.8,25668.9,13038.5,12630.4,1163.7,507.5,656.2,6.8,6.3,7.1
2005-05,16074.4,7522.9,13097.8,5497.0,7600.8,8551.5,2976.6,2025.9,950.7,62.5,57.6,67.6,17275.6,8058.4,9217.2,67.2,61.7,72.9,25706.5,13057.4,12649.1,1201.3,535.5,665.7,7.0,6.6,7.2
2005-06,16104.6,7537.7,13156.9,5516.4,7640.5,8566.9,2947.7,2021.3,926.5,62.6,57.7,67.6,17280.4,8056.8,9223.6,67.1,61.6,72.8,25738.6,13073.7,12664.9,1175.8,519.1,656.7,6.8,6.4,7.1
2005-07,16138.0,7548.9,13169.7,5513.3,7656.4,8589.1,2968.2,2035.5,932.7,62.6,57.7,67.7,17288.0,8047.9,9240.0,67.1,61.5,72.9,25771.7,13090.7,12680.9,1150.0,499.1,650.9,6.7,6.2,7.0
2005-08,16173.4,7568.2,13198.5,5520.8,7677.6,8605.2,2974.9,2047.4,927.5,62.7,57.7,67.8,17328.5,8077.4,9251.1,67.1,61.6,72.8,25810.4,13110.3,12700.1,1155.1,509.2,645.9,6.7,6.3,7.0
2005-09,16160.0,7556.1,13200.7,5547.5,7653.2,8603.9,2959.3,2008.6,950.7,62.5,57.6,67.7,17328.3,8091.1,9237.2,67.1,61.6,72.7,25839.5,13125.0,12714.5,1168.3,535.0,633.3,6.7,6.6,6.9
2005-10,16207.4,7573.2,13188.1,5529.7,7658.4,8634.3,3019.3,2043.5,975.8,62.7,57.6,67.8,17372.3,8115.4,9256.9,67.2,61.8,72.7,25867.3,13138.8,12728.5,1164.8,542.2,622.6,6.7,6.7,6.7
2005-11,16240.0,7614.9,13251.0,5574.7,7676.3,8625.1,2989.0,2040.2,948.9,62.7,57.9,67.7,17333.9,8098.0,9235.9,66.9,61.6,72.5,25894.4,13152.7,12741.7,1093.8,483.1,610.7,6.3,6.0,6.6
2005-12,16233.6,7596.0,13270.9,5584.9,7686.0,8637.6,2962.7,2011.2,951.6,62.6,57.7,67.7,17373.8,8128.2,9245.7,67.0,61.7,72.5,25918.9,13164.9,12754.0,1140.2,532.1,608.0,6.6,6.5,6.6
2006-01,16220.8,7615.3,13262.4,5601.8,7660.6,8605.5,2958.4,2013.5,944.8,62.5,57.8,67.4,17363.7,8132.7,9231.0,66.9,61.7,72.3,25951.8,13181.4,12770.4,1143.0,517.4,625.6,6.6,6.4,6.8
2006-02,16259.8,7617.7,13253.7,5577.9,7675.8,8642.1,3006.1,2039.7,966.4,62.6,57.7,67.6,17377.1,8133.0,9244.1,66.9,61.6,72.3,25976.6,13193.8,12782.8,1117.3,515.3,602.0,6.4,6.3,6.5
2006-03,16310.2,7629.0,13300.7,5592.4,7708.3,8681.3,3009.5,2036.6,972.9,62.7,57.8,67.8,17417.5,8141.6,9275.9,67.0,61.6,72.5,26003.6,13207.6,12796.0,1107.3,512.6,594.7,6.4,6.3,6.4
2006-04,16339.8,7672.4,13339.5,5623.9,7715.6,8667.4,3000.3,2048.5,951.8,62.8,58.0,67.7,17440.5,8181.3,9259.1,67.0,61.9,72.3,26031.9,13221.9,12809.9,1100.6,509.0,591.7,6.3,6.2,6.4
2006-05,16416.6,7719.1,13487.9,5701.6,7786.3,8697.5,2928.7,2017.5,911.3,63.0,58.3,67.8,17490.3,8213.4,9276.9,67.1,62.0,72.3,26068.8,13240.4,12828.4,1073.7,494.3,579.4,6.1,6.0,6.2
2006-06,16420.5,7730.4,13419.2,5685.2,7734.0,8690.0,3001.3,2045.2,956.0,62.9,58.3,67.7,17491.1,8221.9,9269.2,67.0,62.0,72.2,26100.1,13256.1,12844.0,1070.6,491.5,579.1,6.1,6.0,6.2
2006-07,16422.6,7734.7,13439.8,5710.8,7729.0,8687.9,2982.7,2023.8,958.9,62.8,58.3,67.6,17549.6,8253.3,9296.3,67.2,62.2,72.3,26131.1,13272.5,12858.6,1127.0,518.6,608.4,6.4,6.3,6.5
2006-08,16428.3,7727.9,13486.4,5740.0,7746.4,8700.3,2941.9,1987.9,953.9,62.8,58.1,67.6,17555.1,8234.2,9320.9,67.1,61.9,72.4,26168.9,13292.1,12876.8,1126.8,506.2,620.6,6.4,6.1,6.7
2006-09,16453.1,7749.5,13469.2,5717.8,7751.4,8703.6,2983.8,2031.7,952.2,62.8,58.2,67.5,17583.2,8236.2,9346.9,67.1,61.9,72.5,26197.7,13307.2,12890.4,1130.1,486.7,643.4,6.4,5.9,6.9
2006-10,16475.6,7760.3,13503.0,5721.0,7782.0,8715.3,2972.6,2039.3,933.3,62.8,58.3,67.5,17554.6,8238.8,9315.8,66.9,61.8,72.2,26225.7,13321.8,12903.9,1079.0,478.5,600.5,6.1,5.8,6.4
2006-11,16503.2,7776.0,13491.8,5731.2,7760.6,8727.2,3011.3,2044.7,966.6,62.9,58.3,67.6,17602.4,8262.3,9340.1,67.1,62.0,72.3,26252.1,13335.7,12916.4,1099.2,486.3,612.9,6.2,5.9,6.6
2006-12,16567.5,7825.9,13528.2,5759.2,7769.0,8741.6,3039.3,2066.7,972.6,63.0,58.6,67.6,17644.6,8300.7,9343.9,67.1,62.2,72.3,26277.5,13349.1,12928.4,1077.1,474.8,602.3,6.1,5.7,6.4
2007-01,16621.5,7846.0,13550.1,5776.2,7774.0,8775.5,3071.4,2069.8,1001.6,63.2,58.7,67.8,17725.6,8333.0,9392.6,67.4,62.4,72.6,26306.9,13364.8,12942.0,1104.1,487.1,617.1,6.2,5.8,6.6
2007-02,16642.6,7874.8,13578.5,5794.9,7783.6,8767.8,3064.1,2079.9,984.2,63.2,58.9,67.7,17739.8,8351.8,9388.0,67.4,62.4,72.5,26327.9,13375.9,12952.0,1097.2,477.1,620.2,6.2,5.7,6.6
2007-03,16690.7,7911.9,13609.4,5808.4,7801.0,8778.9,3081.3,2103.4,977.9,63.3,59.1,67.7,17781.9,8395.5,9386.4,67.5,62.7,72.4,26352.1,13388.6,12963.5,1091.1,483.6,607.5,6.1,5.8,6.5
2007-04,16675.7,7892.3,13586.6,5795.5,7791.1,8783.3,3089.1,2096.9,992.2,63.2,58.9,67.7,17773.0,8369.4,9403.6,67.4,62.4,72.5,26383.6,13405.0,12978.5,1097.3,477.0,620.3,6.2,5.7,6.6
2007-05,16698.8,7891.7,13648.4,5801.6,7846.8,8807.0,3050.3,2090.1,960.3,63.2,58.8,67.8,17762.9,8362.0,9401.0,67.3,62.3,72.4,26411.2,13419.4,12991.7,1064.2,470.2,593.9,6.0,5.6,6.3
2007-06,16756.1,7911.7,13752.0,5871.7,7880.3,8844.4,3004.1,2040.0,964.1,63.4,58.9,68.0,17839.0,8390.1,9448.9,67.5,62.5,72.6,26440.9,13434.8,13006.1,1083.0,478.5,604.5,6.1,5.7,6.4
2007-07,16798.8,7944.0,13754.5,5878.1,7876.4,8854.8,3044.3,2065.9,978.4,63.4,59.0,68.0,17871.3,8423.3,9448.0,67.5,62.6,72.5,26479.9,13454.8,13025.1,1072.5,479.3,593.2,6.0,5.7,6.3
2007-08,16806.5,7962.1,13753.9,5877.6,7876.3,8844.3,3052.6,2084.6,968.0,63.4,59.1,67.8,17869.7,8440.6,9429.1,67.4,62.7,72.3,26510.8,13470.7,13040.2,1063.2,478.5,584.7,5.9,5.7,6.2
2007-09,16851.5,7974.5,13768.7,5862.2,7906.5,8876.9,3082.7,2112.3,970.4,63.5,59.1,68.0,17904.8,8457.2,9447.7,67.5,62.7,72.4,26539.8,13485.8,13054.1,1053.4,482.6,570.7,5.9,5.7,6.0
2007-10,16907.1,8008.5,13773.1,5885.7,7887.4,8898.6,3134.0,2122.8,1011.2,63.6,59.3,68.1,17954.5,8455.1,9499.4,67.6,62.6,72.7,26569.1,13500.9,13068.2,1047.4,446.6,600.8,5.8,5.3,6.3
2007-11,16923.5,8008.9,13787.9,5891.8,7896.1,8914.6,3135.6,2117.1,1018.6,63.6,59.3,68.1,17996.2,8477.1,9519.2,67.7,62.7,72.8,26596.6,13515.0,13081.6,1072.7,468.2,604.6,6.0,5.5,6.4
2007-12,16926.9,8000.2,13793.2,5886.4,7906.7,8926.6,3133.7,2113.8,1019.9,63.6,59.1,68.2,18004.1,8461.7,9542.4,67.6,62.5,72.9,26621.9,13528.0,13094.0,1077.3,461.5,615.8,6.0,5.5,6.5
2008-01,16952.8,7995.5,13829.8,5872.4,7957.4,8957.3,3123.0,2123.1,999.9,63.6,59.0,68.3,18016.2,8459.1,9557.1,67.6,62.5,72.9,26652.5,13543.9,13108.7,1063.4,463.6,599.8,5.9,5.5,6.3
2008-02,16998.2,8033.1,13890.0,5900.4,7989.6,8965.1,3108.2,2132.7,975.5,63.7,59.3,68.3,18071.6,8510.9,9560.8,67.7,62.8,72.9,26676.5,13556.3,13120.2,1073.4,477.8,595.6,5.9,5.6,6.2
2008-03,16982.8,8015.1,13858.5,5897.1,7961.4,8967.7,3124.3,2118.0,1006.3,63.6,59.1,68.3,18081.2,8490.2,9591.0,67.7,62.6,73.0,26704.1,13570.3,13133.8,1098.4,475.1,623.3,6.1,5.6,6.5
2008-04,17002.4,8032.0,13876.3,5887.9,7988.4,8970.5,3126.2,2144.1,982.1,63.6,59.1,68.2,18092.4,8500.5,9591.9,67.7,62.6,72.9,26738.3,13587.9,13150.4,1090.0,468.6,621.4,6.0,5.5,6.5
2008-05,17007.4,8057.5,13852.5,5893.4,7959.2,8949.9,3154.8,2164.1,990.7,63.5,59.2,68.0,18098.0,8535.6,9562.4,67.6,62.7,72.6,26768.8,13603.3,13165.5,1090.6,478.1,612.5,6.0,5.6,6.4
2008-06,17000.7,8046.4,13835.2,5902.7,7932.6,8954.3,3165.5,2143.7,1021.7,63.4,59.1,67.9,18079.8,8502.0,9577.8,67.4,62.4,72.6,26808.5,13623.6,13184.8,1079.1,455.6,623.5,6.0,5.4,6.5
2008-07,16991.9,8047.6,13840.5,5918.7,7921.8,8944.3,3151.5,2129.0,1022.5,63.3,59.0,67.7,18088.9,8522.3,9566.6,67.4,62.5,72.5,26843.3,13641.3,13202.0,1097.0,474.6,622.3,6.1,5.6,6.5
2008-08,17010.7,8042.8,13893.8,5950.5,7943.2,8967.9,3116.9,2092.3,1024.7,63.3,58.9,67.8,18106.3,8530.4,9576.0,67.4,62.5,72.4,26875.5,13657.7,13217.9,1095.6,487.6,608.1,6.1,5.7,6.4
2008-09,17072.0,8065.8,13883.2,5925.9,7957.2,9006.2,3188.8,2139.8,1048.9,63.4,59.0,68.0,18176.6,8545.6,9631.0,67.5,62.5,72.8,26912.7,13676.7,13236.0,1104.6,479.8,624.8,6.1,5.6,6.5
2008-10,17100.6,8088.6,13897.8,5948.6,7949.1,9012.0,3202.9,2140.0,1062.9,63.5,59.1,68.0,18223.1,8571.3,9651.8,67.6,62.6,72.8,26942.8,13691.8,13251.0,1122.5,482.7,639.8,6.2,5.6,6.6
2008-11,16979.2,8045.0,13811.1,5906.9,7904.2,8934.2,3168.1,2138.1,1030.0,63.0,58.7,67.4,18178.5,8549.1,9629.4,67.4,62.4,72.6,26971.5,13706.2,13265.3,1199.3,504.1,695.2,6.6,5.9,7.2
2008-12,16948.2,8044.0,13743.0,5865.2,7877.8,8904.2,3205.2,2178.8,1026.3,62.8,58.6,67.1,18199.2,8589.0,9610.2,67.4,62.6,72.4,26997.9,13719.6,13278.3,1251.1,545.0,706.1,6.9,6.3,7.3
2009-01,16823.4,8012.6,13644.6,5866.3,7778.2,8810.8,3178.8,2146.3,1032.6,62.3,58.3,66.3,18167.3,8556.2,9611.1,67.2,62.3,72.3,27025.3,13733.6,13291.8,1343.9,543.6,800.3,7.4,6.4,8.3
2009-02,16770.8,8024.0,13524.5,5851.3,7673.2,8746.8,3246.3,2172.7,1073.6,62.0,58.4,65.7,18223.2,8592.4,9630.8,67.4,62.5,72.4,27056.2,13749.0,13307.2,1452.5,568.4,884.1,8.0,6.6,9.2
2009-03,16752.5,8023.3,13489.5,5838.8,7650.6,8729.2,3263.0,2184.5,1078.5,61.9,58.3,65.5,18236.3,8612.2,9624.1,67.3,62.6,72.2,27084.9,13763.5,13321.4,1483.8,588.9,894.9,8.1,6.8,9.3
2009-04,16709.5,8016.1,13484.9,5844.8,7640.1,8693.5,3224.7,2171.3,1053.4,61.6,58.2,65.2,18222.5,8612.8,9609.7,67.2,62.5,72.1,27115.5,13779.0,13336.5,1512.9,596.7,916.2,8.3,6.9,9.5
2009-05,16683.5,8006.3,13436.5,5824.2,7612.3,8677.1,3247.0,2182.2,1064.8,61.5,58.0,65.0,18247.6,8620.9,9626.6,67.2,62.5,72.1,27147.1,13794.9,13352.2,1564.1,614.6,949.5,8.6,7.1,9.9
2009-06,16674.1,8004.5,13398.3,5781.6,7616.7,8669.6,3275.8,2222.9,1052.9,61.3,57.9,64.8,18259.8,8620.7,9639.1,67.2,62.4,72.1,27187.8,13815.4,13372.3,1585.7,616.2,969.6,8.7,7.1,10.1
2009-07,16674.6,7990.7,13437.8,5791.8,7646.0,8683.9,3236.7,2198.9,1037.9,61.3,57.8,64.9,18257.0,8626.0,9631.0,67.1,62.4,71.9,27222.0,13832.6,13389.4,1582.5,635.3,947.2,8.7,7.4,9.8
2009-08,16682.9,8006.8,13411.2,5795.5,7615.7,8676.1,3271.7,2211.3,1060.4,61.2,57.8,64.7,18263.7,8639.8,9623.9,67.0,62.4,71.8,27254.7,13849.3,13405.5,1580.8,633.0,947.8,8.7,7.3,9.8
2009-09,16710.7,8049.5,13511.1,5871.7,7639.3,8661.2,3199.6,2177.7,1021.9,61.2,58.0,64.5,18240.1,8648.1,9592.0,66.8,62.4,71.5,27292.6,13868.8,13423.8,1529.4,598.7,930.8,8.4,6.9,9.7
2009-10,16718.4,8017.0,13533.7,5843.3,7690.4,8701.3,3184.6,2173.7,1010.9,61.2,57.7,64.7,18251.0,8624.7,9626.4,66.8,62.1,71.6,27322.6,13883.9,13438.6,1532.7,607.7,925.0,8.4,7.0,9.6
2009-11,16799.0,8085.3,13590.1,5913.1,7677.0,8713.7,3208.9,2172.2,1036.7,61.4,58.2,64.8,18362.5,8714.4,9648.1,67.1,62.7,71.7,27348.6,13897.3,13451.3,1563.5,629.1,934.4,8.5,7.2,9.7
2009-12,16783.7,8067.1,13577.0,5896.4,7680.7,8716.6,3206.7,2170.8,1035.9,61.3,58.0,64.7,18337.3,8687.1,9650.3,67.0,62.5,71.7,27373.1,13909.8,13463.3,1553.7,620.0,933.7,8.5,7.1,9.7
2010-01,16828.3,8098.7,13577.2,5889.7,7687.4,8729.6,3251.1,2208.9,1042.1,61.4,58.2,64.8,18346.0,8715.2,9630.8,67.0,62.6,71.5,27399.6,13923.4,13476.2,1517.7,616.6,901.2,8.3,7.1,9.4
2010-02,16845.5,8100.3,13642.9,5925.8,7717.1,8745.2,3202.6,2174.5,1028.1,61.4,58.1,64.8,18358.4,8715.0,9643.4,66.9,62.5,71.5,27429.1,13938.4,13490.7,1513.0,614.7,898.2,8.2,7.1,9.3
2010-03,16857.9,8096.6,13578.8,5863.2,7715.6,8761.3,3279.1,2233.4,1045.7,61.4,58.0,64.9,18372.5,8727.5,9645.0,66.9,62.5,71.4,27457.8,13953.2,13504.7,1514.6,630.9,883.8,8.2,7.2,9.2
2010-04,16934.6,8115.0,13623.2,5872.9,7750.3,8819.6,3311.4,2242.2,1069.3,61.6,58.1,65.2,18433.6,8749.2,9684.4,67.1,62.6,71.6,27487.7,13968.4,13519.4,1499.0,634.2,864.8,8.1,7.2,8.9
2010-05,16949.5,8108.2,13667.2,5881.2,7786.0,8841.3,3282.2,2227.0,1055.2,61.6,58.0,65.3,18429.8,8727.7,9702.2,67.0,62.4,71.7,27518.8,13984.3,13534.5,1480.4,619.5,860.9,8.0,7.1,8.9
2010-06,17019.7,8132.6,13701.3,5889.0,7812.3,8887.1,3318.4,2243.6,1074.8,61.8,58.1,65.6,18483.3,8758.0,9725.3,67.1,62.5,71.7,27560.4,14005.6,13554.7,1463.6,625.4,838.2,7.9,7.1,8.6
2010-07,17010.9,8120.8,13556.2,5803.5,7752.7,8890.1,3454.7,2317.3,1137.4,61.6,57.9,65.5,18501.8,8762.4,9739.4,67.0,62.5,71.8,27595.0,14023.0,13572.0,1490.9,641.6,849.3,8.1,7.3,8.7
2010-08,17025.2,8120.1,13618.1,5841.3,7776.8,8905.0,3407.1,2278.8,1128.3,61.6,57.8,65.5,18534.8,8771.8,9763.0,67.1,62.5,71.8,27633.7,14043.0,13590.7,1509.6,651.7,857.9,8.1,7.4,8.8
2010-09,16989.8,8099.1,13645.9,5845.5,7800.4,8890.7,3343.9,2253.6,1090.3,61.4,57.6,65.4,18497.2,8763.7,9733.5,66.9,62.3,71.5,27662.1,14057.7,13604.4,1507.4,664.6,842.8,8.1,7.6,8.7
2010-10,17025.2,8127.0,13693.2,5882.7,7810.6,8898.2,3331.9,2244.3,1087.6,61.5,57.8,65.3,18473.8,8777.7,9696.2,66.7,62.4,71.2,27689.3,14071.6,13617.6,1448.7,650.7,798.0,7.8,7.4,8.2
2010-11,17056.4,8127.5,13703.7,5846.5,7857.1,8928.9,3352.8,2281.0,1071.8,61.5,57.7,65.5,18461.9,8740.8,9721.1,66.6,62.1,71.3,27713.8,14084.2,13629.6,1405.5,613.3,792.2,7.6,7.0,8.1
2010-12,17091.6,8131.5,13757.3,5895.8,7861.5,8960.1,3334.2,2235.6,1098.6,61.6,57.7,65.7,18502.8,8742.8,9760.0,66.7,62.0,71.6,27736.3,14095.8,13640.5,1411.2,611.3,799.9,7.6,7.0,8.2
2011-01,17143.7,8173.1,13786.9,5937.9,7849.0,8970.6,3356.7,2235.2,1121.5,61.8,57.9,65.7,18583.2,8801.5,9781.8,66.9,62.4,71.7,27758.9,14107.3,13651.6,1439.6,628.4,811.2,7.7,7.1,8.3
2011-02,17140.4,8186.4,13739.3,5909.9,7829.4,8954.1,3401.1,2276.4,1124.7,61.7,58.0,65.5,18570.8,8809.9,9760.9,66.8,62.4,71.4,27782.4,14119.1,13663.3,1430.3,623.5,806.9,7.7,7.1,8.3
2011-03,17163.3,8175.2,13839.6,5957.7,7881.9,8988.0,3323.6,2217.5,1106.2,61.7,57.9,65.7,18590.3,8795.1,9795.2,66.9,62.2,71.6,27805.0,14130.6,13674.5,1427.0,619.9,807.1,7.7,7.0,8.2
2011-04,17199.6,8192.7,13859.3,5980.7,7878.6,9007.0,3340.3,2211.9,1128.4,61.8,57.9,65.8,18620.3,8813.3,9807.0,66.9,62.3,71.7,27829.3,14142.9,13686.4,1420.6,620.6,800.0,7.6,7.0,8.2
2011-05,17182.4,8197.2,13861.0,6005.2,7855.8,8985.2,3321.4,2192.0,1129.4,61.7,57.9,65.6,18577.6,8807.9,9769.7,66.7,62.2,71.3,27860.4,14158.7,13701.8,1395.2,610.7,784.4,7.5,6.9,8.0
2011-06,17229.9,8201.8,13887.9,5996.6,7891.3,9028.1,3342.0,2205.2,1136.8,61.8,57.9,65.8,18624.8,8815.5,9809.3,66.8,62.2,71.5,27887.4,14172.3,13715.1,1394.8,613.6,781.2,7.5,7.0,8.0
2011-07,17249.7,8212.7,13939.1,6006.2,7932.9,9036.9,3310.6,2206.6,1104.0,61.8,57.9,65.8,18609.5,8809.6,9799.9,66.6,62.1,71.4,27921.6,14188.9,13732.7,1359.8,596.9,762.9,7.3,6.8,7.8
2011-08,17276.1,8224.3,13971.3,6021.9,7949.4,9051.8,3304.9,2202.4,1102.4,61.8,57.9,65.8,18633.4,8826.6,9806.8,66.6,62.1,71.3,27962.5,14208.8,13753.7,1357.2,602.3,755.0,7.3,6.8,7.7
2011-09,17284.3,8218.7,14006.3,6036.6,7969.6,9065.6,3278.1,2182.1,1096.0,61.7,57.8,65.8,18658.3,8827.9,9830.4,66.6,62.1,71.4,27994.6,14224.4,13770.1,1374.0,609.2,764.8,7.4,6.9,7.8
2011-10,17264.5,8200.4,13926.0,5982.0,7944.0,9064.0,3338.4,2218.4,1120.0,61.6,57.6,65.7,18644.9,8822.8,9822.0,66.5,62.0,71.2,28024.4,14238.7,13785.7,1380.4,622.4,758.0,7.4,7.1,7.7
2011-11,17259.0,8201.9,13972.9,5999.6,7973.3,9057.1,3286.1,2202.3,1083.8,61.5,57.5,65.6,18667.9,8855.3,9812.5,66.5,62.1,71.1,28052.4,14252.2,13800.2,1408.9,653.4,755.4,7.5,7.4,7.7
2011-12,17292.4,8233.0,13988.5,6010.0,7978.5,9059.5,3304.0,2223.0,1081.0,61.6,57.7,65.6,18679.7,8847.3,9832.4,66.5,62.0,71.2,28080.3,14265.5,13814.8,1387.2,614.3,772.9,7.4,6.9,7.9
2012-01,17265.6,8226.5,13977.3,6016.3,7961.1,9039.1,3288.2,2210.2,1078.0,61.4,57.6,65.4,18695.6,8866.4,9829.2,66.5,62.1,71.1,28109.7,14279.5,13830.1,1430.0,639.9,790.1,7.6,7.2,8.0
2012-02,17263.3,8217.5,13968.3,6008.3,7960.0,9045.7,3295.0,2209.2,1085.7,61.4,57.5,65.3,18654.8,8840.8,9814.1,66.3,61.9,70.9,28138.1,14293.0,13845.1,1391.6,623.2,768.3,7.5,7.0,7.8
2012-03,17357.3,8261.5,14051.9,6034.3,8017.6,9095.8,3305.4,2227.1,1078.3,61.6,57.7,65.6,18723.1,8871.6,9851.5,66.5,62.0,71.1,28166.2,14306.8,13859.4,1365.7,610.1,755.6,7.3,6.9,7.7
2012-04,17450.3,8314.4,14110.1,6047.4,8062.7,9135.9,3340.2,2267.0,1073.2,61.9,58.0,65.8,18815.4,8923.1,9892.4,66.7,62.3,71.3,28203.6,14324.8,13878.8,1365.1,608.7,756.4,7.3,6.8,7.6
2012-05,17429.1,8294.4,14086.5,6052.6,8033.9,9134.7,3342.6,2241.7,1100.8,61.7,57.8,65.7,18816.4,8916.5,9899.9,66.6,62.2,71.2,28235.2,14340.1,13895.1,1387.3,622.1,765.1,7.4,7.0,7.7
2012-06,17452.5,8308.3,14125.3,6071.0,8054.4,9144.2,3327.2,2237.4,1089.9,61.7,57.9,65.7,18799.6,8906.8,9892.7,66.5,62.0,71.1,28269.0,14356.4,13912.5,1347.0,598.5,748.5,7.2,6.7,7.6
2012-07,17428.9,8301.0,14152.1,6102.1,8050.0,9127.9,3276.7,2198.8,1077.9,61.6,57.7,65.5,18791.6,8895.0,9896.6,66.4,61.9,71.0,28309.3,14376.2,13933.1,1362.7,594.0,768.7,7.3,6.7,7.8
2012-08,17476.7,8338.8,14174.8,6123.3,8051.5,9138.0,3302.0,2215.5,1086.5,61.7,57.9,65.5,18829.2,8941.5,9887.7,66.4,62.1,70.9,28337.7,14390.3,13947.4,1352.5,602.7,749.8,7.2,6.7,7.6
2012-09,17511.6,8361.7,14194.7,6131.4,8063.3,9149.9,3316.9,2230.3,1086.6,61.7,58.1,65.5,18881.3,8958.3,9923.1,66.6,62.2,71.1,28365.9,14404.2,13961.7,1369.7,596.6,773.1,7.3,6.7,7.8
2012-10,17531.2,8385.6,14214.2,6172.3,8041.9,9145.5,3317.0,2213.3,1103.7,61.7,58.2,65.4,18936.8,8990.9,9945.9,66.7,62.4,71.2,28394.3,14418.1,13976.2,1405.7,605.3,800.4,7.4,6.7,8.0
2012-11,17560.4,8404.6,14226.3,6181.2,8045.1,9155.8,3334.1,2223.3,1110.8,61.8,58.2,65.4,18930.2,9001.2,9929.0,66.6,62.4,71.0,28422.3,14432.0,13990.4,1369.8,596.6,773.2,7.2,6.6,7.8
2012-12,17604.5,8428.1,14261.7,6175.2,8086.5,9176.4,3342.8,2252.9,1089.9,61.9,58.3,65.5,18971.3,9037.5,9933.7,66.7,62.6,70.9,28448.8,14444.8,14004.0,1366.8,609.4,757.4,7.2,6.7,7.6
2013-01,17617.0,8425.0,14266.8,6168.7,8098.1,9192.1,3350.3,2256.3,1093.9,61.9,58.3,65.6,18953.9,9015.3,9938.6,66.6,62.3,70.9,28479.5,14460.1,14019.4,1336.8,590.3,746.5,7.1,6.5,7.5
2013-02,17640.9,8429.7,14295.5,6180.7,8114.9,9211.2,3345.4,2249.1,1096.4,61.9,58.3,65.6,18980.3,9039.8,9940.5,66.6,62.5,70.8,28502.0,14471.2,14030.8,1339.4,610.1,729.3,7.1,6.7,7.3
2013-03,17610.3,8408.2,14247.3,6170.3,8077.0,9202.2,3363.0,2237.9,1125.2,61.7,58.0,65.5,18997.8,9044.5,9953.4,66.6,62.4,70.9,28529.7,14484.8,14044.9,1387.5,636.3,751.2,7.3,7.0,7.5
2013-04,17643.2,8426.3,14293.3,6189.9,8103.3,9216.9,3349.9,2236.3,1113.6,61.8,58.1,65.5,19000.2,9032.8,9967.4,66.5,62.3,70.9,28567.4,14503.4,14063.9,1357.0,606.5,750.5,7.1,6.7,7.5
2013-05,17682.7,8432.9,14361.6,6202.3,8159.3,9249.8,3321.0,2230.5,1090.5,61.8,58.1,65.7,19010.9,9015.8,9995.1,66.5,62.1,71.0,28599.2,14519.1,14080.1,1328.2,583.0,745.3,7.0,6.5,7.5
2013-06,17688.6,8445.5,14325.2,6185.4,8139.7,9243.2,3363.5,2260.0,1103.4,61.8,58.1,65.6,19050.2,9047.6,10002.6,66.5,62.2,71.0,28632.8,14535.6,14097.2,1361.6,602.2,759.4,7.1,6.7,7.6
2013-07,17684.4,8436.7,14311.3,6196.2,8115.0,9247.7,3373.1,2240.5,1132.6,61.7,58.0,65.5,19047.9,9047.2,10000.7,66.4,62.2,70.8,28671.7,14554.6,14117.1,1363.5,610.4,753.0,7.2,6.7,7.5
2013-08,17724.1,8468.6,14328.3,6202.5,8125.7,9255.5,3395.8,2266.1,1129.7,61.8,58.1,65.5,19076.3,9060.8,10015.5,66.5,62.2,70.9,28699.5,14568.3,14131.2,1352.2,592.2,760.0,7.1,6.5,7.6
2013-09,17728.4,8459.4,14362.3,6224.2,8138.0,9269.0,3366.1,2235.2,1130.9,61.7,58.0,65.5,19052.6,9048.0,10004.6,66.3,62.0,70.7,28732.4,14584.4,14148.0,1324.2,588.5,735.7,7.0,6.5,7.4
2013-10,17737.8,8460.8,14386.7,6219.8,8166.9,9277.0,3351.1,2241.0,1110.0,61.7,58.0,65.5,19079.8,9047.9,10031.9,66.3,62.0,70.8,28759.1,14597.5,14161.6,1342.0,587.1,754.9,7.0,6.5,7.5
2013-11,17743.9,8461.0,14362.7,6207.3,8155.4,9282.9,3381.3,2253.7,1127.5,61.6,57.9,65.5,19074.0,9028.1,10045.9,66.3,61.8,70.9,28784.2,14609.8,14174.4,1330.0,567.0,763.0,7.0,6.3,7.6
2013-12,17735.4,8454.3,14314.1,6202.6,8111.5,9281.1,3421.3,2251.7,1169.6,61.6,57.8,65.4,19113.6,9054.2,10059.5,66.3,61.9,70.9,28809.0,14621.8,14187.2,1378.2,599.8,778.4,7.2,6.6,7.7
2014-01,17746.4,8448.7,14331.5,6177.7,8153.8,9297.8,3415.0,2271.0,1144.0,61.5,57.7,65.5,19085.7,9032.1,10053.6,66.2,61.7,70.8,28833.5,14633.8,14199.7,1339.2,583.4,755.9,7.0,6.5,7.5
2014-02,17754.9,8460.8,14367.5,6194.5,8173.0,9294.1,3387.4,2266.3,1121.1,61.5,57.8,65.4,19095.8,9049.0,10046.8,66.2,61.8,70.7,28855.1,14644.6,14210.5,1340.9,588.3,752.7,7.0,6.5,7.5
2014-03,17771.0,8453.7,14352.9,6206.2,8146.6,9317.3,3418.2,2247.5,1170.7,61.5,57.7,65.5,19109.5,9037.0,10072.5,66.2,61.7,70.8,28879.5,14656.7,14222.9,1338.5,583.3,755.2,7.0,6.5,7.5
2014-04,17762.6,8465.5,14345.5,6202.2,8143.3,9297.1,3417.1,2263.2,1153.9,61.4,57.7,65.3,19098.6,9046.2,10052.5,66.1,61.7,70.6,28912.5,14673.3,14239.3,1336.0,580.7,755.4,7.0,6.4,7.5
2014-05,17749.5,8462.8,14291.1,6156.3,8134.8,9286.7,3458.4,2306.5,1151.9,61.3,57.6,65.2,19085.2,9058.4,10026.8,65.9,61.7,70.3,28940.0,14686.8,14253.2,1335.7,595.6,740.1,7.0,6.6,7.4
2014-06,17774.8,8489.5,14352.7,6187.0,8165.7,9285.4,3422.1,2302.5,1119.6,61.3,57.7,65.1,19116.9,9078.2,10038.7,66.0,61.7,70.3,28975.8,14704.7,14271.1,1342.1,588.7,753.3,7.0,6.5,7.5
2014-07,17807.5,8493.6,14333.6,6170.6,8163.0,9313.9,3473.9,2323.0,1150.9,61.4,57.7,65.2,19167.2,9085.3,10081.9,66.1,61.7,70.6,29004.3,14718.8,14285.5,1359.6,591.7,768.0,7.1,6.5,7.6
2014-08,17791.4,8459.2,14322.1,6148.7,8173.5,9332.2,3469.2,2310.5,1158.7,61.3,57.4,65.3,19125.4,9037.7,10087.7,65.9,61.4,70.6,29028.2,14731.0,14297.2,1334.1,578.5,755.5,7.0,6.4,7.5
2014-09,17820.8,8479.2,14386.4,6175.2,8211.2,9341.6,3434.4,2304.0,1130.4,61.3,57.5,65.3,19131.8,9029.3,10102.4,65.8,61.2,70.6,29055.5,14745.0,14310.6,1311.0,550.1,760.8,6.9,6.1,7.5
2014-10,17876.3,8494.4,14414.8,6175.0,8239.9,9381.9,3461.5,2319.5,1142.0,61.5,57.6,65.5,19150.2,9051.1,10099.0,65.9,61.3,70.5,29074.0,14754.6,14319.4,1273.8,556.7,717.1,6.7,6.2,7.1
2014-11,17859.4,8494.9,14429.8,6197.1,8232.8,9364.5,3429.6,2297.8,1131.8,61.4,57.5,65.4,19143.1,9062.7,10080.3,65.8,61.4,70.4,29092.4,14764.2,14328.3,1283.6,567.9,715.8,6.7,6.3,7.1
2014-12,17843.6,8462.4,14459.6,6232.7,8226.9,9381.1,3383.9,2229.8,1154.2,61.3,57.3,65.4,19117.2,9028.0,10089.2,65.7,61.1,70.4,29116.6,14776.1,14340.5,1273.6,565.6,708.0,6.7,6.3,7.0
2015-01,17874.7,8492.6,14448.1,6250.1,8197.9,9382.1,3426.7,2242.5,1184.2,61.3,57.4,65.4,19143.0,9045.7,10097.3,65.7,61.2,70.4,29139.2,14787.1,14352.1,1268.3,553.1,715.2,6.6,6.1,7.1
2015-02,17891.7,8506.4,14496.2,6263.0,8233.2,9385.3,3395.5,2243.4,1152.1,61.4,57.5,65.3,19193.9,9062.4,10131.5,65.8,61.2,70.5,29160.7,14797.4,14363.2,1302.2,556.0,746.2,6.8,6.1,7.4
2015-03,17904.8,8516.8,14479.4,6231.4,8248.0,9388.0,3425.4,2285.4,1140.0,61.4,57.5,65.3,19211.2,9088.1,10123.1,65.8,61.4,70.4,29183.3,14809.2,14374.1,1306.5,571.3,735.1,6.8,6.3,7.3
2015-04,17898.6,8511.7,14517.4,6246.5,8270.9,9387.0,3381.2,2265.1,1116.1,61.3,57.4,65.2,19213.4,9080.9,10132.5,65.8,61.3,70.4,29208.2,14821.2,14386.9,1314.8,569.2,745.6,6.8,6.3,7.4
2015-05,17941.7,8513.8,14525.9,6228.3,8297.6,9427.9,3415.8,2285.5,1130.3,61.4,57.4,65.5,19258.9,9074.7,10184.1,65.9,61.2,70.7,29232.1,14832.7,14399.3,1317.1,560.9,756.2,6.8,6.2,7.4
2015-06,17949.0,8499.2,14587.9,6272.5,8315.5,9449.8,3361.1,2226.7,1134.3,61.3,57.2,65.5,19269.3,9067.3,10202.0,65.8,61.1,70.8,29266.5,14849.7,14416.8,1320.3,568.1,752.2,6.9,6.3,7.4
2015-07,17976.3,8518.9,14607.5,6277.7,8329.8,9457.4,3368.8,2241.2,1127.6,61.4,57.3,65.5,19294.5,9077.2,10217.4,65.9,61.1,70.8,29296.1,14863.9,14432.2,1318.2,558.3,760.0,6.8,6.2,7.4
2015-08,17990.4,8532.2,14645.9,6321.5,8324.3,9458.2,3344.5,2210.7,1133.8,61.4,57.4,65.5,19342.0,9111.6,10230.3,66.0,61.3,70.8,29321.5,14876.0,14445.5,1351.6,579.4,772.1,7.0,6.4,7.5
2015-09,17987.1,8535.4,14582.9,6276.0,8306.8,9451.6,3404.2,2259.4,1144.8,61.3,57.3,65.4,19354.7,9122.0,10232.7,65.9,61.3,70.8,29352.3,14891.1,14461.1,1367.7,586.6,781.1,7.1,6.4,7.6
2015-10,18007.1,8555.8,14589.1,6294.5,8294.5,9451.3,3418.0,2261.2,1156.8,61.3,57.4,65.3,19353.2,9133.8,10219.4,65.9,61.3,70.6,29377.5,14904.2,14473.2,1346.1,578.0,768.1,7.0,6.3,7.5
2015-11,17986.6,8550.6,14631.8,6335.2,8296.6,9436.0,3354.8,2215.4,1139.4,61.2,57.3,65.1,19363.6,9146.8,10216.8,65.9,61.3,70.5,29401.2,14916.5,14484.6,1377.1,596.2,780.9,7.1,6.5,7.6
2015-12,17995.6,8567.9,14608.5,6302.9,8305.6,9427.7,3387.1,2265.0,1122.1,61.2,57.4,65.0,19380.8,9145.0,10235.8,65.9,61.3,70.6,29419.0,14925.8,14493.2,1385.2,577.1,808.1,7.1,6.3,7.9
2016-01,17994.3,8571.7,14612.3,6335.0,8277.3,9422.6,3382.0,2236.7,1145.4,61.1,57.4,65.0,19387.7,9155.1,10232.6,65.9,61.3,70.6,29439.8,14936.6,14503.2,1393.3,583.4,809.9,7.2,6.4,7.9
2016-02,18000.6,8578.6,14555.9,6294.4,8261.5,9422.1,3444.7,2284.1,1160.6,61.1,57.4,64.9,19410.1,9163.4,10246.7,65.9,61.3,70.6,29465.4,14949.8,14515.6,1409.5,584.8,824.6,7.3,6.4,8.0
2016-03,18026.3,8610.6,14581.4,6322.0,8259.4,9415.7,3444.9,2288.7,1156.3,61.1,57.5,64.8,19398.3,9185.1,10213.2,65.8,61.4,70.3,29492.5,14963.6,14528.9,1372.0,574.4,797.5,7.1,6.3,7.8
2016-04,18045.5,8613.5,14598.0,6330.2,8267.8,9432.0,3447.5,2283.3,1164.2,61.1,57.5,64.9,19431.6,9200.4,10231.2,65.8,61.4,70.4,29514.4,14974.5,14539.9,1386.1,586.9,799.2,7.1,6.4,7.8
2016-05,18052.2,8615.6,14631.5,6375.7,8255.7,9436.6,3420.8,2239.9,1180.9,61.1,57.5,64.8,19400.4,9187.3,10213.1,65.7,61.3,70.2,29546.7,14991.0,14555.7,1348.2,571.7,776.5,6.9,6.2,7.6
2016-06,18057.2,8627.0,14612.4,6368.2,8244.1,9430.2,3444.8,2258.8,1186.0,61.1,57.5,64.7,19375.7,9176.5,10199.2,65.5,61.2,70.0,29574.1,15004.8,14569.3,1318.5,549.5,769.0,6.8,6.0,7.5
2016-07,18044.5,8620.0,14571.9,6331.6,8240.3,9424.6,3472.6,2288.4,1184.2,60.9,57.4,64.6,19393.0,9186.1,10206.9,65.5,61.1,70.0,29610.0,15022.4,14587.6,1348.5,566.1,782.4,7.0,6.2,7.7
2016-08,18088.9,8635.5,14628.1,6373.4,8254.7,9453.5,3460.8,2262.1,1198.8,61.0,57.4,64.7,19437.5,9203.6,10233.9,65.6,61.2,70.1,29639.0,15038.0,14601.0,1348.5,568.1,780.4,6.9,6.2,7.6
2016-09,18147.4,8657.0,14656.5,6395.4,8261.1,9490.4,3490.9,2261.6,1229.3,61.2,57.5,64.9,19502.3,9229.8,10272.5,65.7,61.3,70.3,29662.4,15049.4,14612.9,1354.9,572.8,782.1,6.9,6.2,7.6
2016-10,18181.4,8669.4,14622.4,6353.6,8268.8,9512.0,3559.0,2315.8,1243.2,61.3,57.6,65.1,19527.8,9240.6,10287.2,65.8,61.4,70.4,29681.8,15059.4,14622.4,1346.4,571.2,775.2,6.9,6.2,7.5
2016-11,18164.8,8655.9,14600.7,6339.9,8260.8,9508.9,3564.1,2316.0,1248.0,61.2,57.4,65.0,19507.1,9224.0,10283.1,65.7,61.2,70.3,29700.5,15069.0,14631.5,1342.3,568.1,774.2,6.9,6.2,7.5
2016-12,18193.9,8670.3,14672.1,6371.2,8300.9,9523.6,3521.8,2299.1,1222.7,61.2,57.5,65.1,19548.2,9264.4,10283.8,65.8,61.4,70.2,29717.9,15077.7,14640.2,1354.3,594.0,760.2,6.9,6.4,7.4
2017-01,18276.4,8717.9,14697.5,6378.0,8319.5,9558.5,3578.8,2339.9,1239.0,61.5,57.8,65.2,19594.9,9287.7,10307.2,65.9,61.5,70.3,29741.9,15090.2,14651.7,1318.5,569.8,748.8,6.7,6.1,7.3
2017-02,18289.8,8712.5,14802.7,6470.1,8332.6,9577.3,3487.0,2242.3,1244.7,61.4,57.7,65.3,19579.7,9274.4,10305.3,65.8,61.4,70.3,29764.3,15101.7,14662.6,1290.0,561.9,728.0,6.6,6.1,7.1
2017-03,18306.1,8721.9,14803.9,6468.9,8335.0,9584.1,3502.1,2253.0,1249.2,61.4,57.7,65.3,19610.9,9284.7,10326.2,65.8,61.4,70.4,29791.9,15115.5,14676.4,1304.8,562.7,742.1,6.7,6.1,7.2
2017-04,18323.1,8731.5,14786.5,6463.4,8323.1,9591.6,3536.6,2268.1,1268.5,61.4,57.7,65.3,19586.4,9276.7,10309.8,65.7,61.3,70.2,29822.2,15130.6,14691.6,1263.4,545.2,718.2,6.5,5.9,7.0
2017-05,18372.4,8763.6,14858.2,6490.2,8368.0,9608.7,3514.1,2273.4,1240.7,61.5,57.9,65.3,19670.8,9318.9,10351.9,65.9,61.5,70.4,29857.1,15148.0,14709.1,1298.5,555.3,743.2,6.6,6.0,7.2
2017-06,18414.6,8788.3,14869.6,6486.0,8383.6,9626.4,3545.0,2302.3,1242.7,61.6,58.0,65.4,19676.7,9346.9,10329.8,65.8,61.6,70.2,29886.9,15162.7,14724.2,1262.1,558.6,703.5,6.4,6.0,6.8
2017-07,18438.8,8799.9,14932.6,6514.9,8417.7,9638.9,3506.2,2285.0,1221.2,61.6,58.0,65.4,19671.3,9355.4,10315.9,65.7,61.6,70.0,29919.2,15178.7,14740.5,1232.5,555.5,677.0,6.3,5.9,6.6
2017-08,18474.9,8803.0,14858.8,6422.4,8436.4,9671.9,3616.1,2380.7,1235.5,61.7,57.9,65.5,19674.5,9332.3,10342.2,65.7,61.4,70.1,29955.3,15196.4,14758.9,1199.6,529.3,670.3,6.1,5.7,6.5
2017-09,18467.4,8815.8,14947.3,6487.4,8459.9,9651.6,3520.0,2328.4,1191.7,61.6,58.0,65.3,19678.9,9349.6,10329.3,65.6,61.5,69.9,29981.8,15209.6,14772.2,1211.6,533.8,677.8,6.2,5.7,6.6
2017-10,18496.8,8824.1,15026.6,6533.7,8492.9,9672.8,3470.2,2290.4,1179.8,61.6,58.0,65.4,19725.2,9368.7,10356.5,65.7,61.5,70.0,30008.2,15222.5,14785.7,1228.4,544.6,683.8,6.2,5.8,6.6
2017-11,18560.5,8851.2,15047.2,6530.6,8516.6,9709.3,3513.3,2320.6,1192.6,61.8,58.1,65.6,19735.8,9369.6,10366.2,65.7,61.5,70.0,30033.3,15234.8,14798.5,1175.3,518.4,656.9,6.0,5.5,6.3
2017-12,18625.3,8883.4,15073.2,6576.6,8496.6,9741.9,3552.1,2306.8,1245.3,62.0,58.3,65.8,19776.2,9388.6,10387.6,65.8,61.6,70.1,30058.9,15247.5,14811.5,1150.9,505.1,645.7,5.8,5.4,6.2
2018-01,18551.4,8834.7,15127.2,6579.8,8547.4,9716.7,3424.2,2254.9,1169.3,61.6,57.9,65.5,19703.4,9349.8,10353.6,65.5,61.2,69.8,30094.5,15265.4,14829.1,1152.0,515.1,636.9,5.8,5.5,6.2
2018-02,18559.4,8837.1,15074.8,6536.0,8538.9,9722.4,3484.6,2301.1,1183.5,61.6,57.8,65.5,19705.9,9346.1,10359.8,65.4,61.2,69.8,30121.8,15278.4,14843.3,1146.5,509.0,637.4,5.8,5.4,6.2
2018-03,18601.4,8853.9,15144.3,6579.3,8564.9,9747.5,3457.2,2274.6,1182.6,61.7,57.9,65.6,19747.1,9359.6,10387.4,65.5,61.2,69.9,30154.8,15294.4,14860.5,1145.6,505.7,639.9,5.8,5.4,6.2
2018-04,18595.2,8873.2,15162.7,6597.3,8565.4,9722.0,3432.5,2275.8,1156.6,61.6,57.9,65.3,19752.8,9374.7,10378.1,65.4,61.2,69.7,30198.1,15315.8,14882.4,1157.6,501.5,656.1,5.9,5.3,6.3
2018-05,18590.3,8866.2,15137.5,6587.3,8550.2,9724.1,3452.9,2279.0,1173.9,61.5,57.8,65.3,19762.5,9400.1,10362.4,65.4,61.3,69.5,30233.8,15333.5,14900.4,1172.1,533.9,638.3,5.9,5.7,6.2
2018-06,18630.0,8878.1,15147.7,6594.8,8552.9,9751.9,3482.3,2283.3,1199.0,61.5,57.8,65.4,19829.2,9422.8,10406.4,65.5,61.4,69.8,30271.0,15351.6,14919.4,1199.3,544.7,654.5,6.0,5.8,6.3
2018-07,18690.5,8934.5,15141.6,6586.8,8554.8,9756.0,3548.9,2347.7,1201.2,61.6,58.1,65.3,19847.5,9446.8,10400.7,65.5,61.4,69.6,30317.2,15374.3,14942.9,1157.0,512.4,644.7,5.8,5.4,6.2
2018-08,18640.5,8916.3,15185.8,6634.3,8551.5,9724.2,3454.7,2282.0,1172.7,61.4,57.9,65.0,19822.5,9455.3,10367.1,65.3,61.4,69.3,30352.2,15391.6,14960.6,1182.0,539.0,643.0,6.0,5.7,6.2
2018-09,18699.4,8922.1,15159.8,6603.5,8556.3,9777.3,3539.6,2318.6,1221.0,61.5,57.9,65.3,19863.9,9448.0,10415.9,65.4,61.3,69.5,30384.5,15407.3,14977.2,1164.5,525.9,638.6,5.9,5.6,6.1
2018-10,18715.4,8940.0,15195.1,6656.5,8538.6,9775.4,3520.3,2283.5,1236.8,61.5,58.0,65.2,19861.1,9452.2,10408.9,65.3,61.3,69.4,30419.6,15424.3,14995.3,1145.7,512.1,633.5,5.8,5.4,6.1
2018-11,18815.0,8982.0,15282.2,6680.3,8602.0,9833.0,3532.8,2301.8,1231.0,61.8,58.2,65.5,19938.6,9478.2,10460.3,65.5,61.4,69.7,30452.3,15440.1,15012.2,1123.6,496.2,627.3,5.6,5.2,6.0
2018-12,18824.7,8989.6,15271.1,6662.5,8608.6,9835.1,3553.6,2327.1,1226.5,61.8,58.2,65.4,19960.3,9493.8,10466.5,65.5,61.4,69.6,30485.2,15455.7,15029.5,1135.6,504.2,631.4,5.7,5.3,6.0
2019-01,18891.4,9003.2,15295.5,6674.1,8621.4,9888.2,3595.9,2329.1,1266.8,61.9,58.2,65.7,20053.8,9511.8,10542.0,65.7,61.5,70.0,30526.6,15475.9,15050.7,1162.4,508.6,653.8,5.8,5.3,6.2
2019-02,18944.1,9038.3,15356.8,6702.2,8654.6,9905.9,3587.3,2336.0,1251.2,62.0,58.4,65.8,20104.1,9547.0,10557.1,65.8,61.6,70.1,30552.6,15488.4,15064.2,1160.0,508.7,651.3,5.8,5.3,6.2
2019-03,18943.9,9008.3,15358.3,6677.2,8681.1,9935.6,3585.6,2331.2,1254.5,61.9,58.1,65.9,20099.5,9523.6,10576.0,65.7,61.4,70.1,30582.4,15502.9,15079.5,1155.6,515.2,640.4,5.7,5.4,6.1
2019-04,19041.6,9050.2,15430.7,6726.6,8704.1,9991.4,3610.9,2323.6,1287.3,62.2,58.3,66.2,20196.2,9564.5,10631.8,65.9,61.6,70.4,30625.8,15523.9,15101.9,1154.6,514.3,640.3,5.7,5.4,6.0
2019-05,19050.4,9070.1,15439.5,6745.7,8693.8,9980.3,3610.9,2324.4,1286.5,62.1,58.4,66.0,20142.7,9540.2,10602.5,65.7,61.4,70.1,30662.4,15541.6,15120.9,1092.3,470.2,622.1,5.4,4.9,5.9
2019-06,19051.2,9069.2,15464.4,6765.2,8699.2,9981.9,3586.8,2304.0,1282.8,62.0,58.3,65.9,20174.0,9553.2,10620.8,65.7,61.4,70.1,30706.5,15562.8,15143.8,1122.9,484.0,638.9,5.6,5.1,6.0
2019-07,19037.9,9039.5,15461.4,6779.4,8682.0,9998.4,3576.5,2260.1,1316.4,61.9,58.0,65.9,20191.2,9547.4,10643.8,65.6,61.2,70.2,30761.9,15589.7,15172.3,1153.3,507.9,645.4,5.7,5.3,6.1
2019-08,19113.3,9087.2,15484.1,6773.3,8710.7,10026.2,3629.3,2313.8,1315.4,62.0,58.2,66.0,20273.0,9590.9,10682.2,65.8,61.4,70.3,30803.8,15610.0,15193.8,1159.7,503.7,656.0,5.7,5.3,6.1
2019-09,19154.9,9117.8,15541.9,6799.0,8742.9,10037.1,3613.0,2318.8,1294.3,62.1,58.3,65.9,20263.2,9615.2,10648.0,65.7,61.5,70.0,30854.9,15634.3,15220.6,1108.4,497.5,610.9,5.5,5.2,5.7
2019-10,19151.7,9119.1,15526.6,6777.0,8749.6,10032.6,3625.1,2342.1,1283.0,62.0,58.3,65.8,20281.1,9615.4,10665.7,65.6,61.4,70.0,30896.0,15654.3,15241.7,1129.4,496.3,633.1,5.6,5.2,5.9
2019-11,19097.3,9093.3,15501.6,6786.9,8714.8,10004.0,3595.6,2306.4,1289.2,61.7,58.0,65.6,20289.3,9618.4,10671.0,65.6,61.4,69.9,30932.8,15672.1,15260.7,1192.1,525.1,667.0,5.9,5.5,6.3
2019-12,19124.6,9096.4,15535.5,6797.4,8738.1,10028.2,3589.1,2299.0,1290.1,61.8,58.0,65.6,20267.7,9604.7,10663.0,65.5,61.2,69.8,30964.7,15687.5,15277.2,1143.2,508.3,634.9,5.6,5.3,6.0
2020-01,19159.1,9113.9,15571.2,6791.7,8779.5,10045.2,3587.9,2322.2,1265.7,61.8,58.0,65.7,20283.5,9624.7,10658.8,65.4,61.3,69.7,30995.4,15702.2,15293.2,1124.4,510.8,613.6,5.5,5.3,5.8
2020-02,19189.4,9109.0,15608.8,6786.9,8821.8,10080.4,3580.6,2322.1,1258.6,61.8,58.0,65.8,20323.2,9616.7,10706.5,65.5,61.2,69.9,31027.7,15717.8,15310.0,1133.8,507.7,626.1,5.6,5.3,5.8
2020-03,18178.7,8475.9,15134.8,6515.1,8619.7,9702.9,3043.9,1960.8,1083.1,58.5,53.8,63.3,19725.7,9278.7,10447.1,63.5,59.0,68.1,31074.0,15739.9,15334.0,1547.0,802.8,744.2,7.8,8.7,7.1
2020-04,16184.9,7572.2,13662.8,5952.5,7710.3,8612.6,2522.0,1619.7,902.3,52.1,48.1,56.1,18603.2,8747.4,9855.8,59.8,55.5,64.2,31094.7,15749.2,15345.4,2418.3,1175.1,1243.2,13.0,13.4,12.6
2020-05,16474.5,7655.8,13882.2,6004.9,7877.2,8818.7,2592.3,1650.9,941.5,52.9,48.6,57.4,19093.7,8902.2,10191.5,61.4,56.5,66.4,31114.3,15758.0,15356.3,2619.2,1246.4,1372.8,13.7,14.0,13.5
2020-06,17427.4,8122.3,14370.3,6170.0,8200.4,9305.2,3057.1,1952.3,1104.8,56.0,51.5,60.5,19880.0,9299.1,10581.0,63.8,59.0,68.8,31146.7,15773.4,15373.3,2452.6,1176.8,1275.8,12.3,12.7,12.1
2020-07,17845.9,8396.9,14443.5,6211.1,8232.4,9449.0,3402.4,2185.8,1216.6,57.3,53.2,61.4,20029.5,9373.7,10655.8,64.3,59.4,69.3,31171.5,15784.8,15386.7,2183.6,976.8,1206.8,10.9,10.4,11.3
2020-08,18091.7,8547.1,14649.3,6338.2,8311.1,9544.6,3442.4,2208.9,1233.5,58.0,54.1,62.0,20138.6,9445.5,10693.1,64.6,59.8,69.4,31193.5,15795.2,15398.3,2046.9,898.4,1148.5,10.2,9.5,10.7
2020-09,18469.9,8750.4,14983.3,6508.8,8474.5,9719.6,3486.6,2241.6,1245.0,59.1,55.3,63.1,20302.5,9562.1,10740.4,65.0,60.5,69.7,31225.9,15810.4,15415.5,1832.6,811.8,1020.8,9.0,8.5,9.5
