"educm","heightm","BMIm","healthm"
2,186,28.905075,3
2,176,27.440599,3
3,187,23.163374,3
1,184,29.241493,2
1,174,23.781214,4
1,186,21.967857,3
2,183,25.082863,3
3,187,25.165146,3
2,183,23.589836,4
2,186,21.389755,4
1,196,22.126198,3
2,184,30.422968,3
3,189,20.436157,4
2,184,23.334122,3
2,187,24.307243,2
2,185,24.251278,3
2,173,19.379198,3
1,183,22.395414,4
2,187,25.165146,3
1,184,17.722116,3
2,189,24.635368,4
3,187,20.589664,3
2,189,19.316368,4
2,178,17.674536,4
2,183,24.187046,3
2,182,24.151672,3
2,190,26.869806,4
1,174,28.075043,3
2,168,31.887754,3
2,186,22.835011,4
2,178,21.14632,3
1,173,26.729927,4
3,182,24.151672,4
3,189,20.15621,4
2,179,22.471209,4
2,183,25.97868,3
2,187,24.307243,3
2,189,24.635368,4
2,187,22.877405,3
2,172,27.717686,3
1,175,27.102041,3
2,184,24.220226,4
2,190,21.329639,4
2,193,24.69865,4
2,186,20.522604,3
2,187,24.307243,4
2,178,19.883854,3
2,190,26.31579,1
2,188,28.293344,2
3,189,24.355421,4
2,172,24.675501,4
2,183,20.902386,4
1,184,25.106333,3
2,173,20.047445,3
3,182,22.038401,3
2,180,26.851852,3
3,183,21.499598,3
2,183,23.888441,4
2,174,28.075043,3
2,185,22.790358,3
1,175,22.857143,3
1,176,26.794937,4
3,182,21.132713,3
3,183,25.082863,4
3,178,19.568235,3
3,185,19.868517,4
2,172,20.281233,2
3,185,25.127831,3
2,180,23.765432,4
2,183,22.395414,4
2,184,19.198959,2
2,178,21.777554,3
3,181,24.419279,4
3,178,22.09317,4
3,186,26.014568,4
3,187,23.449341,3
2,186,24.280264,4
2,170,25.259516,3
3,191,19.18807,3
2,176,22.920971,3
2,197,21.386791,3
2,185,22.498175,2
2,178,25.249338,4
2,190,21.606647,4
3,183,28.367523,3
2,179,20.910707,3
1,190,26.03878,4
1,190,19.944599,3
1,181,26.555965,3
2,183,22.096807,2
3,178,22.724403,4
2,176,21.629648,4
2,174,23.781214,3
2,190,22.99169,3
2,178,21.777554,3
1,186,30.061279,3
1,170,22.83737,4
2,185,21.913805,4
2,175,23.510204,3
2,168,32.242062,2
2,186,26.014568,3
2,183,25.680075,3
2,196,26.551437,4
1,172,26.365602,3
3,180,30.864197,1
3,183,25.381468,4
2,186,25.147415,4
1,180,22.222221,3
3,184,27.76465,3
3,180,27.469135,3
3,187,22.877405,4
2,180,23.456791,3
2,181,25.335003,3
2,186,24.280264,3
2,182,23.245985,3
2,171,22.571047,3
2,184,32.490547,4
3,180,37.65432,2
2,174,31.377989,3
2,180,24.074074,3
2,179,28.713211,3
2,184,25.106333,0
3,191,23.025684,3
3,194,19.396322,4
2,176,18.724174,3
2,177,26.493025,3
2,184,25.106333,4
2,187,27.16692,3
2,175,26.12245,2
3,176,22.275311,4
1,182,23.849777,3
2,180,23.765432,3
2,178,24.302486,3
1,170,26.98962,3
2,172,27.041645,4
3,176,22.598141,4
2,180,29.320988,4
2,176,22.920971,3
2,176,25.180784,4
1,186,22.545959,4
2,179,24.96801,3
3,179,26.21641,3
3,187,22.305471,4
2,175,26.12245,3
2,182,24.755465,3
3,176,22.275311,3
3,178,22.408787,4
2,192,23.60026,2
1,195,21.827745,4
3,187,24.307243,4
2,180,27.777779,3
2,174,26.423571,3
2,186,28.326975,4
2,196,26.291128,3
2,186,19.655451,2
3,188,20.937075,4
2,186,21.678806,3
2,179,21.534908,4
1,172,18.929152,3
2,172,24.675501,4
2,205,23.081499,3
2,182,23.245985,3
3,188,23.766411,3
2,180,25.308641,3
2,170,20.761246,3
3,180,23.148148,3
2,174,21.138855,4
2,182,21.736506,3
2,178,23.355637,2
1,182,22.642193,4
2,184,25.697069,3
3,180,24.382715,4
2,185,24.251278,3
2,183,22.096807,4
2,187,25.165146,2
2,184,25.992439,2
2,182,22.642193,4
2,186,23.413111,4
2,187,22.877405,3
2,170,24.913494,2
2,182,27.472527,2
2,178,31.561672,4
2,178,24.618103,2
3,189,23.795527,4
2,189,27.994738,2
2,175,26.12245,3
3,175,26.775511,4
3,183,22.395414,4
2,184,31.309074,3
1,186,25.147415,3
2,188,25.46401,4
1,180,22.530865,3
2,184,24.515596,3
2,178,24.618103,4
3,173,24.056934,4
2,187,20.589664,3
2,177,24.89706,4
3,180,19.444445,4
3,187,19.731762,3
2,182,20.830818,4
2,180,23.148148,3
2,195,20.512821,3
2,178,24.302486,3
1,171,23.93899,2
2,188,24.049343,3
3,178,25.880571,3
1,196,24.468971,4
2,193,26.846357,4
3,192,25.499132,3
3,187,20.875633,4
2,176,27.440599,4
2,178,25.880571,3
3,180,24.691359,4
2,190,23.545706,4
2,173,24.391058,3
2,184,26.583176,3
2,195,24.983564,4
2,178,22.724403,4
1,178,26.827421,4
1,182,25.359257,4
2,183,22.992624,3
2,184,20.675804,4
3,173,25.059307,3
3,177,33.515274,4
1,175,26.12245,2
2,168,22.675737,3
2,176,25.180784,3
2,186,22.835011,4
2,176,26.472107,3
2,172,21.971336,3
1,184,27.76465,3
2,185,24.543463,4
2,180,25,3
3,176,21.952478,3
2,181,23.808798,3
3,188,28.010412,4
2,190,26.31579,3
3,183,20.902386,4
2,183,23.888441,3
2,193,22.282478,4
2,159,22.942131,1
2,184,20.085066,4
2,175,22.857143,3
3,189,20.716105,4
3,193,22.819405,3
2,178,23.04002,3
3,180,20.370371,3
2,186,27.459822,3
3,193,22.282478,3
1,192,20.887587,4
1,178,26.196188,2
2,198,21.681461,4
2,176,27.117769,3
2,192,29.839409,3
2,175,24.163265,3
1,182,21.132713,3
2,190,22.437674,4
2,190,22.160666,3
1,180,22.530865,3
2,181,30.524099,3
2,187,28.596758,4
2,183,24.784258,3
3,175,32.653061,2
2,179,24.343809,4
2,197,25.251875,4
2,174,23.781214,3
2,183,27.173101,3
2,182,28.680111,2
3,193,24.967113,3
2,183,22.096807,3
2,185,21.329437,4
2,181,28.08217,3
2,189,19.596315,4
3,170,24.913494,3
1,186,21.389755,4
3,178,26.827421,4
3,188,26.029879,4
2,189,21.835896,3
2,188,22.634676,3
2,181,26.861206,3
3,180,20.987654,4
2,186,22.545959,3
1,184,22.743383,3
2,167,25.816629,2
2,196,19.523115,2
3,173,30.739416,3
2,186,26.014568,3
1,172,25.351542,3
2,184,22.152647,3
2,178,26.511805,3
3,177,22.343515,3
3,178,26.511805,4
3,179,19.974407,4
3,181,22.587833,3
2,170,21.107267,3
1,183,25.680075,4
1,173,24.391058,4
2,198,20.151005,3
2,185,22.790358,4
2,185,23.374725,3
3,194,24.710384,3
3,175,23.183674,4
2,185,26.004383,2
2,192,21.430122,3
3,187,22.877405,3
2,182,21.132713,3
1,185,24.251278,2
2,179,28.08901,2
3,185,19.284149,3
3,179,24.343809,3
2,177,25.216253,3
2,186,20.233553,3
2,180,25.308641,4
2,173,26.395803,3
2,178,26.511805,2
3,178,23.04002,4
2,175,22.204082,4
2,174,23.781214,4
3,178,24.93372,3
2,172,27.379665,4
2,172,27.379665,4
2,190,24.930748,4
2,190,22.714682,4
2,181,26.555965,4
2,177,22.024323,3
2,187,18.301924,3
2,182,25.661152,3
2,178,21.461937,4
2,182,24.151672,3
2,176,21.952478,3
2,198,20.40608,4
2,185,23.959095,4
2,184,35.444233,2
3,194,24.178978,4
2,185,27.757486,3
2,183,20.603781,2
2,178,22.724403,3
2,176,24.212294,3
2,193,28.188677,3
2,188,20.937075,3
3,200,20.5,3
2,184,25.697069,3
3,185,19.868517,3
2,183,25.680075,3
1,198,28.058361,3
1,192,26.041666,3
1,178,25.880571,4
2,180,25,2
2,185,21.913805,3
2,183,23.291229,4
2,190,24.930748,4
2,170,26.98962,4
2,186,26.59267,4
2,189,23.515579,4
2,176,29.377583,4
2,182,25.661152,3
2,178,24.93372,3
1,179,27.776911,3
3,179,26.528511,3
2,163,26.346495,2
2,178,24.93372,3
3,181,21.366869,4
1,187,28.024822,4
3,187,23.735308,4
2,172,27.717686,4
1,189,19.596315,3
2,183,26.277285,3
3,190,21.052631,3
2,185,21.913805,1
3,182,24.151672,3
3,187,26.309017,3
1,183,22.395414,3
2,185,21.913805,3
3,190,24.930748,3
3,178,23.04002,4
2,192,22.786459,4
2,193,26.309431,3
3,183,29.860552,1
1,173,25.059307,4
2,187,26.594984,3
2,184,25.697069,3
3,176,24.212294,3
2,175,26.12245,4
2,189,20.436157,3
2,172,26.365602,3
2,175,29.387754,4
2,178,20.199471,4
3,182,24.453568,4
3,187,22.305471,3
3,176,23.889463,3
1,187,26.309017,4
3,185,25.712198,4
2,187,24.59321,4
2,182,22.944088,3
3,180,18.518518,4
2,173,26.729927,3
2,202,17.645329,4
2,186,26.014568,4
2,170,23.875433,3
2,192,27.126736,3
3,175,26.12245,1
2,176,24.212294,4
2,185,23.374725,3
3,193,22.819405,3
2,185,23.374725,4
3,192,23.328993,3
2,186,21.967857,4
2,186,21.678806,3
2,185,24.251278,4
3,183,23.291229,4
2,170,23.183392,4
3,172,21.971336,4
2,173,21.049818,3
2,194,23.913275,2
2,174,27.08416,3
2,191,24.122147,3
3,180,25,3
1,170,25.951557,3
2,196,23.427738,3
3,187,17.72999,3
2,187,28.596758,4
3,175,26.775511,4
2,173,25.059307,4
3,183,20.902386,4
2,177,22.343515,4
3,187,24.59321,3
2,184,21.561909,3
1,187,20.875633,4
1,183,26.874496,4
2,185,19.576334,4
2,176,24.212294,4
2,180,32.407406,4
2,178,23.671253,4
3,179,24.343809,3
3,187,21.447567,4
2,181,24.72452,3
3,187,29.168692,3
2,180,24.074074,1
3,175,24.163265,4
2,161,26.233557,4
2,181,26.250725,3
2,190,22.714682,3
2,187,21.733536,4
2,183,20.902386,4
2,178,22.408787,4
2,182,26.566839,2
2,182,23.54788,4
2,191,24.396261,3
2,172,27.379665,2
1,173,23.722811,4
2,190,20.775623,3
2,181,20.756388,3
2,178,22.724403,3
1,178,23.671253,3
2,172,24.675501,3
2,176,23.243801,4
2,189,22.115843,4
2,173,21.718065,4
2,198,23.466993,3
1,184,22.152647,2
2,178,25.249338,4
1,181,27.166449,3
3,187,23.163374,3
2,175,24.489796,3
2,180,29.629629,3
2,176,25.826447,3
2,172,22.309357,4
2,178,23.355637,4
2,185,21.329437,3
1,185,27.757486,4
3,176,29.700413,2
2,180,27.469135,2
1,183,31.353579,2
1,168,28.344671,3
1,168,26.57313,3
2,190,22.714682,3
2,178,26.827421,3
1,182,28.680111,3
2,198,23.977144,4
3,173,26.729927,3
2,190,22.160666,4
3,192,24.685329,4
3,173,24.725183,4
2,183,20.902386,3
2,182,27.774424,3
2,182,24.151672,3
2,184,28.946125,4
2,174,24.772097,4
3,183,24.485653,3
1,176,27.440599,3
2,180,24.691359,2
2,182,22.642193,4
2,175,22.857143,3
1,182,23.245985,4
2,195,23.668638,4
2,176,19.369835,3
2,173,30.071169,2
2,178,24.93372,4
2,194,24.444681,3
2,181,23.503555,4
2,185,25.420015,4
2,178,19.883854,3
2,178,22.724403,3
2,176,24.212294,4
3,192,20.887587,3
2,180,24.074074,3
2,182,22.642193,3
2,192,23.057726,4
2,195,28.665352,3
2,183,23.888441,3
2,190,22.99169,3
3,185,23.374725,3
2,184,24.220226,3
2,179,18.101807,2
2,193,19.866304,4
3,184,21.561909,3
3,187,27.16692,3
2,176,24.857954,4
2,170,27.681662,3
1,173,24.056934,2
2,180,27.469135,2
2,178,22.724403,3
2,187,21.733536,3
1,187,27.738855,3
2,187,24.307243,4
3,181,25.945484,2
2,182,25.05736,4
2,176,26.472107,4
2,186,24.569315,3
2,183,20.902386,3
2,177,27.131413,3
1,186,24.858366,3
2,176,30.668905,4
3,189,23.795527,3
2,187,23.449341,3
2,185,26.296566,3
3,204,20.665129,3
2,176,35.511364,3
2,178,22.09317,4
3,189,25.195263,3
1,171,29.410759,2
2,197,32.209023,3
2,183,23.589836,4
3,186,23.991213,4
2,194,24.710384,3
2,180,23.456791,3
1,186,27.459822,3
2,189,25.195263,4
2,197,26.540236,3
2,172,25.351542,2
2,184,22.448015,3
2,178,24.618103,3
2,176,19.369835,3
2,186,25.436466,3
2,176,23.243801,2
2,176,24.535124,3
1,185,24.835646,4
3,186,22.256908,4
2,180,24.382715,4
2,178,28.721121,4
2,174,21.469151,4
2,175,29.061224,2
2,186,26.88172,4
2,172,18.253109,4
2,178,27.458654,3
2,160,19.53125,4
2,170,21.453287,4
1,172,21.971336,1
2,189,22.955685,3
3,178,27.774271,3
3,180,21.604939,3
2,182,25.661152,4
2,180,24.691359,3
3,185,19.868517,4
2,190,24.930748,3
2,183,22.694019,3
2,180,27.777779,3
1,172,29.069767,2
2,184,21.266541,4
2,180,29.320988,3
2,176,25.826447,3
3,186,21.389755,3
2,177,21.066744,4
2,189,22.955685,3
2,170,25.951557,3
2,183,24.784258,3
2,185,26.296566,3
3,191,28.233875,4
2,175,23.836735,3
2,176,22.598141,3
2,188,24.898144,3
1,194,24.178978,3
1,190,20.498615,4
2,189,19.316368,3
1,182,22.944088,4
1,172,27.041645,3
1,188,22.634676,3
2,178,21.461937,4
2,172,22.985397,3
2,194,22.850462,3
1,180,25.308641,3
2,179,23.095409,3
2,174,21.799444,3
3,169,22.408178,4
3,194,21.256245,4
2,168,25.510204,3
1,196,21.605581,3
3,183,23.888441,3
2,193,24.69865,4
2,180,23.148148,4
2,180,23.148148,3
2,187,21.733536,4
2,176,27.117769,3
2,178,22.724403,3
2,182,23.849777,3
1,170,25.259516,4
1,176,27.76343,2
1,172,28.731747,3
2,185,24.251278,4
1,176,21.952478,3
1,184,26.583176,3
1,184,23.038752,4
1,194,26.570305,3
2,187,24.307243,3
2,188,24.049343,4
2,178,21.461937,4
3,184,18.312855,4
1,176,24.212294,4
3,191,22.203339,4
1,192,24.956596,4
2,177,21.70513,4
1,188,20.937075,2
1,186,22.545959,3
2,187,26.880951,3
2,185,24.835646,4
1,184,26.583176,3
2,191,22.477453,3
1,172,22.647377,3
1,170,30.103806,3
1,193,25.50404,4
3,181,22.282593,3
1,171,23.597004,4
3,181,23.808798,4
2,180,20.679012,3
3,187,22.877405,3
1,174,23.120625,2
3,183,25.680075,3
2,185,24.835646,3
1,180,28.395061,3
1,174,21.469151,3
2,193,27.383286,3
2,185,23.374725,4
1,180,23.148148,3
1,167,23.306681,3
2,189,29.954369,3
1,184,22.152647,4
2,184,22.152647,4
2,178,26.511805,3
2,189,20.436157,3
1,185,24.835646,3
2,182,24.151672,3
2,188,23.766411,3
1,192,24.142796,3
1,181,27.166449,3
2,191,23.573915,4
1,171,25.306932,3
2,175,29.387754,4
2,178,24.302486,3
1,170,26.98962,4
2,178,23.671253,4
2,185,23.374725,3
1,180,24.691359,4
2,182,24.151672,3
2,172,22.309357,3
2,182,22.642193,3
2,189,29.114527,2
2,182,26.566839,3
1,176,25.826447,3
2,195,22.090731,3
1,186,23.702162,3
2,180,29.320988,3
3,195,22.879684,4
2,187,24.307243,3
3,188,25.746944,3
2,189,27.434843,3
1,178,23.98687,3
2,178,20.515087,4
2,186,21.389755,3
2,176,22.598141,3
2,183,23.291229,3
2,170,26.297577,3
2,182,25.359257,3
2,185,21.913805,3
3,187,36.603848,2
2,178,22.09317,3
1,176,24.857954,3
1,168,21.967121,4
3,180,23.456791,4
2,190,34.34903,3
2,190,27.70083,4
1,191,25.218607,3
1,187,24.307243,3
2,182,24.453568,4
2,199,23.231737,2
2,165,25.344353,3
1,198,21.681461,4
1,180,25.308641,3
1,174,25.432686,4
1,178,22.408787,2
2,183,19.409359,2
2,178,21.14632,4
1,182,26.868736,4
1,185,24.835646,3
2,173,30.739416,3
1,191,24.670376,4
2,178,22.09317,4
2,184,24.515596,3
2,172,22.985397,3
1,192,20.61632,4
1,189,21.276001,4
2,170,25.259516,3
2,178,24.618103,4
2,191,24.944492,3
2,185,24.835646,4
2,192,27.669271,3
2,187,20.303698,3
2,175,24.489796,4
2,196,24.729279,3
2,182,24.755465,3
3,172,22.985397,3
2,172,23.323418,3
1,173,25.727554,2
3,182,20.528921,3
2,184,23.334122,3
2,181,21.67211,4
2,172,27.379665,3
2,182,31.095278,3
2,176,30.023243,3
2,175,20.244898,4
2,180,21.604939,3
2,184,32.490547,4
2,184,20.380434,3
2,185,28.634039,4
2,191,30.700912,4
1,183,23.291229,4
2,171,26.674875,4
2,180,23.148148,3
1,182,26.566839,3
2,184,25.106333,4
2,192,27.940538,3
2,183,24.784258,3
2,175,22.857143,3
2,176,23.566631,4
1,189,29.394474,3
2,182,22.340298,4
1,182,24.151672,3
2,182,22.038401,4
2,176,23.889463,4
1,190,29.916897,3
2,185,24.835646,3
3,187,23.449341,2
2,191,20.558647,2
2,186,20.811655,3
2,178,23.671253,4
2,187,22.019503,3
3,186,24.858366,3
2,170,24.913494,3
2,177,25.854639,4
1,187,23.449341,2
1,193,22.819405,4
2,185,26.588751,2
2,189,26.315052,3
1,186,24.569315,3
1,185,23.374725,3
2,179,28.08901,3
2,187,22.019503,2
2,183,23.888441,3
1,185,23.959095,4
2,180,22.839506,4
2,189,25.195263,3
2,184,23.62949,2
2,180,20.679012,3
2,175,20.897959,4
2,185,20.452885,3
2,183,23.291229,4
2,180,21.91358,3
1,176,29.054752,3
1,170,20.415224,3
2,186,20.233553,4
1,179,28.401112,2
3,185,23.66691,3
2,182,28.680111,3
2,192,25.499132,4
1,181,23.808798,4
2,173,21.718065,3
2,194,26.304602,3
2,174,28.405338,4
2,184,19.789698,3
1,185,30.679329,4
2,169,23.458563,4
2,197,25.76722,4
2,171,26.33289,4
2,193,19.597841,4
2,196,19.783424,3
2,190,20.498615,3
2,179,21.534908,4
3,184,27.76465,4
1,189,21.276001,3
2,185,26.880936,3
2,200,28.75,3
2,180,25.617285,3
2,176,20.983988,3
2,181,23.198315,3
1,167,19.721037,4
3,180,24.691359,1
3,195,23.668638,3
2,191,24.670376,3
3,176,26.472107,4
2,187,22.019503,3
2,190,26.869806,4
1,185,24.835646,3
1,176,20.338326,4
2,180,25.925926,3
1,175,22.857143,4
1,172,21.971336,4
2,169,26.959841,2
2,197,22.932825,4
3,172,22.647377,3
2,193,30.067921,3
2,176,27.440599,3
2,184,26.878544,3
1,192,23.057726,4
2,192,28.483072,4
2,183,23.888441,3
2,174,26.423571,3
1,181,27.471689,3
2,180,27.777779,2
1,183,27.770313,2
2,182,22.340298,3
2,173,24.725183,3
1,176,24.857954,3
2,194,22.584759,3
2,188,23.200542,3
2,177,27.450605,2
2,178,24.302486,3
2,172,23.661438,3
1,181,25.02976,3
2,175,20.571428,3
2,194,19.130619,4
1,184,26.287807,4
2,173,23.388687,4
3,169,25.909456,3
2,193,27.651749,3
2,176,22.598141,3
2,176,30.023243,4
2,180,26.851852,1
2,205,17.13266,4
2,184,26.583176,3
2,176,26.794937,3
2,186,23.702162,3
2,186,26.014568,3
2,180,25,4
2,176,28.08626,3
2,183,23.888441,4
1,181,25.640244,3
2,180,26.543209,4
2,189,25.195263,3
2,172,21.971336,2
2,187,22.877405,3
2,187,28.024822,4
2,175,31.020409,3
2,182,28.680111,3
2,183,23.291229,3
2,178,24.302486,4
2,174,24.772097,4
2,165,25.344353,3
1,178,23.355637,2
2,175,24.163265,3
2,167,24.740938,3
2,180,26.851852,3
2,191,23.573915,3
2,185,24.543463,3
2,185,29.218407,3
2,183,23.888441,3
2,178,22.724403,3
3,175,27.102041,3
2,174,29.726517,3
3,190,22.437674,3
2,186,22.256908,4
2,185,24.251278,4
2,176,27.440599,3
2,184,22.448015,3
1,176,24.212294,3
1,180,26.234568,4
2,187,19.731762,3
2,176,27.117769,3
2,172,27.041645,3
2,185,21.621622,3
2,167,18.645344,3
2,183,22.096807,4
2,176,25.826447,3
1,182,24.453568,4
2,184,21.857279,4
2,186,22.835011,3
2,197,19.325415,3
1,185,24.835646,2
1,177,31.919308,4
2,190,26.592798,4
2,185,24.835646,3
2,180,26.234568,3
2,176,22.275311,4
3,189,25.755157,3
2,187,28.024822,3
2,175,23.510204,3
1,187,23.163374,4
3,196,19.783424,4
2,170,25.605536,3
2,189,29.394474,3
2,180,27.469135,4
2,187,29.740627,2
2,185,27.173119,2
2,170,28.373703,1
2,189,22.39579,4
2,180,24.691359,3
2,174,24.111507,4
2,183,32.249393,3
2,187,24.307243,3
2,183,23.888441,3
2,168,23.738663,3
2,180,23.456791,4
2,175,26.12245,2
1,170,26.98962,3
2,192,26.584202,2
2,186,23.413111,3
2,200,26,3
2,183,19.110752,4
2,188,29.425079,3
2,186,20.811655,3
2,178,24.302486,4
3,191,22.477453,3
2,187,24.307243,3
1,173,26.729927,2
2,187,37.175785,3
1,185,23.082542,3
2,193,24.967113,4
1,193,20.134769,3
2,196,22.126198,4
1,187,26.309017,4
2,180,30.246914,2
1,186,24.569315,4
3,182,19.623234,4
2,175,22.857143,3
3,179,24.03171,1
2,186,27.748873,3
2,196,24.729279,4
2,175,21.87755,3
3,172,26.027582,3
2,189,22.955685,3
3,197,21.386791,4
1,176,22.920971,3
2,178,26.511805,3
2,172,30.42185,4
2,183,26.874496,3
2,185,24.251278,4
2,182,20.528921,4
3,188,26.312811,2
2,180,27.777779,3
1,176,25.826447,2
2,193,30.336386,3
2,194,26.570305,3
2,187,30.026594,3
2,176,27.117769,4
2,190,21.052631,3
2,175,23.510204,4
2,169,25.909456,4
2,195,18.408941,3
2,186,26.303619,2
2,198,25.507601,3
2,168,20.549887,3
2,182,26.264944,3
3,174,21.799444,3
3,183,25.97868,3
2,192,24.956596,4
2,184,21.266541,2
2,192,28.483072,4
2,190,24.099724,3
1,190,30.470915,3
2,190,24.376732,4
1,197,24.994202,4
2,183,24.784258,2
2,177,24.577868,3
2,192,21.701389,3
2,175,24.163265,3
2,195,26.824457,4
2,193,22.282478,2
2,172,25.351542,3
2,189,22.39579,3
2,174,23.781214,3
2,191,24.122147,3
2,196,23.948355,3
2,183,28.367523,3
2,187,21.733536,3
3,170,24.913494,3
2,174,18.166204,3
2,180,25.308641,3
2,192,25.227865,3
1,187,30.59853,4
1,187,31.456432,4
3,186,21.678806,4
2,183,27.173101,3
1,180,22.839506,3
1,185,28.634039,3
2,180,19.444445,3
1,184,30.718336,3
2,178,27.458654,3
2,192,24.956596,3
2,185,21.913805,3
3,185,21.621622,3
1,185,24.835646,4
2,189,23.515579,4
2,184,20.971172,4
2,183,22.694019,3
2,178,22.724403,4
2,182,28.378216,4
2,191,28.50799,3
2,198,24.742373,3
1,182,25.05736,3
3,190,27.70083,3
1,170,24.913494,3
2,180,27.777779,3
2,181,22.282593,3
1,185,22.498175,3
2,172,22.985397,3
2,190,23.822714,3
2,173,25.059307,3
2,183,25.082863,2
2,178,22.724403,3
2,174,23.120625,1
2,190,21.606647,4
2,180,22.222221,4
2,183,22.395414,4
2,191,22.75157,3
2,183,21.499598,3
2,187,26.309017,3
2,178,24.618103,1
2,182,23.54788,0
2,188,23.200542,3
2,182,22.642193,3
2,182,28.680111,3
3,185,25.420015,3
3,165,24.609734,3
2,180,22.222221,2
2,184,29.536861,3
1,175,24.489796,3
2,169,22.058052,2
2,180,24.382715,3
2,176,24.857954,3
2,175,20.244898,3
2,180,25.925926,3
2,182,21.132713,3
2,180,30.864197,4
2,174,24.441803,4
2,183,24.784258,3
2,178,24.618103,3
2,182,28.982006,3
2,182,24.151672,3
2,176,30.668905,3
3,194,23.647572,3
2,197,27.05558,3
2,180,27.777779,3
2,190,22.99169,3
2,184,28.946125,3
2,186,24.569315,3
1,190,28.808865,2
2,185,20.452885,3
3,176,28.40909,4
2,184,26.287807,3
3,174,23.120625,3
2,187,25.737082,3
3,181,25.02976,4
2,176,25.180784,2
2,166,29.03179,4
2,182,22.038401,3
2,182,26.868736,4
3,175,23.510204,3
2,171,29.068773,3
1,190,22.160666,3
2,170,21.799309,3
2,201,27.227049,3
2,183,28.068918,3
2,187,28.596758,3
2,185,26.588751,3
2,185,26.296566,4
2,185,26.880936,3
3,184,24.220226,4
2,197,28.343941,3
3,178,21.777554,3
2,183,26.874496,3
2,180,27.777779,3
2,183,26.277285,2
3,175,26.12245,3
2,173,33.412411,3
2,187,23.735308,3
2,188,29.708014,3
3,191,27.41153,3
2,178,25.249338,3
2,187,30.884499,3
2,182,22.944088,4
2,178,28.405504,3
2,168,29.407597,3
2,183,22.395414,4
2,170,26.643599,3
2,180,28.395061,3
2,185,26.588751,3
1,178,25.880571,3
3,175,29.387754,2
3,176,24.535124,3
3,180,26.543209,4
3,176,20.661158,3
2,186,28.326975,3
2,198,24.99745,3
2,201,21.534121,2
3,186,23.413111,3
2,178,25.249338,3
2,191,24.122147,3
2,187,28.310789,1
2,181,25.02976,3
3,185,26.296566,3
2,178,23.04002,3
2,185,26.588751,4
2,189,25.195263,3
3,180,27.777779,3
2,173,20.715694,3
3,179,27.776911,3
2,200,18.75,3
2,185,21.037254,3
2,182,25.963047,3
2,175,30.693878,3
2,183,25.381468,3
2,165,24.977043,3
2,185,33.60117,3
2,181,26.861206,2
2,195,26.298489,4
2,195,21.56476,3
2,192,23.057726,2
2,191,21.106878,2
3,192,25.227865,3
2,184,29.536861,3
2,180,30.864197,3
3,198,22.44669,4
3,206,23.329248,3
2,176,23.889463,4
2,182,20.528921,3
2,186,23.991213,3
3,188,22.06881,3
2,187,24.021276,3
2,180,27.160494,3
2,180,29.320988,4
